stack,trend_lift,weighted_score,epoch2_count,baseline_count,epoch2_share,baseline_share
FAKE_DATING + FORCED_PROXIMITY,999.99,3091.01,21,0,0.8512,0.0
FAKE_DATING + REP_MM,999.99,2995.7,19,1,0.7702,0.0005
FORCED_PROXIMITY + SMALL_TOWN,648.64,2469.14,44,5,1.7835,0.0027
COWBOY_WESTERN + FORCED_PROXIMITY,999.99,2397.87,10,0,0.4054,0.0
HIGH_STEAM + REP_MF,999.99,2397.87,10,0,0.4054,0.0
CONTEMPORARY_ROMANCE + REP_MF,999.99,2302.56,9,0,0.3648,0.0
FORCED_PROXIMITY + MAFIA_CARTEL_CRIME,884.5,2268.7,12,1,0.4864,0.0005
ACCIDENTAL_PREGNANCY + CONTEMPORARY_ROMANCE,999.99,2197.2,8,0,0.3243,0.0
FORCED_PROXIMITY + MARRIAGE_OF_CONVENIENCE,810.79,2014.75,11,1,0.4459,0.0005
FAKE_DATING + SPORTS_HOCKEY,999.99,1945.89,6,0,0.2432,0.0
CLEAN_SWEET + FORCED_PROXIMITY,999.99,1945.89,6,0,0.2432,0.0
DARK_ROMANCE + REP_MF,999.99,1791.74,5,0,0.2027,0.0
ENEMIES_TO_LOVERS + REP_MF,999.99,1609.42,4,0,0.1621,0.0
ACCIDENTAL_PREGNANCY + SMALL_TOWN,999.99,1609.42,4,0,0.1621,0.0
ACCIDENTAL_PREGNANCY + NEW_ADULT,999.99,1386.28,3,0,0.1216,0.0
ENEMIES_TO_LOVERS + PLUS_SIZE_REP,999.99,1386.28,3,0,0.1216,0.0
ROM_COM + STEM,999.99,1386.28,3,0,0.1216,0.0
FAKE_DATING + GAY_FOR_YOU,999.99,1386.28,3,0,0.1216,0.0
CLEAN_SWEET + FAKE_DATING,999.99,1386.28,3,0,0.1216,0.0
CONTEMPORARY_ROMANCE + STEM,999.99,1386.28,3,0,0.1216,0.0
ACCIDENTAL_PREGNANCY + FORCED_PROXIMITY,999.99,1386.28,3,0,0.1216,0.0
ACCIDENTAL_PREGNANCY + ENEMIES_TO_LOVERS,999.99,1386.28,3,0,0.1216,0.0
HE_FALLS_FIRST + ROM_COM,999.99,1386.28,3,0,0.1216,0.0
FORCED_PROXIMITY + WORKPLACE,343.97,1158.26,28,6,1.135,0.0033
FORCED_PROXIMITY + ROAD_TRIP,442.25,860.58,6,1,0.2432,0.0005
OMEGAVERSE + WITCHES_MAGIC,235.87,668.26,16,5,0.6486,0.0027
FAKE_DATING + SPORTS_FOOTBALL,368.54,660.34,5,1,0.2027,0.0005
FORCED_PROXIMITY + SEASONAL_SUMMER_BEACH,368.54,660.34,5,1,0.2027,0.0005
DRAGONS + OMEGAVERSE,294.83,647.82,8,2,0.3243,0.0011
CONTEMPORARY_ROMANCE + HE_FALLS_FIRST,294.83,647.82,8,2,0.3243,0.0011
FORCED_PROXIMITY + HOLIDAY,239.55,632.19,13,4,0.527,0.0022
ENEMIES_TO_LOVERS + FORCED_PROXIMITY,133.88,602.43,89,49,3.6076,0.0269
ENEMIES_TO_LOVERS + FAKE_DATING,167.07,594.0,34,15,1.3782,0.0082
OMEGAVERSE + REP_MM,135.13,568.19,66,36,2.6753,0.0198
OMEGAVERSE + REP_QUEER_GENERAL,144.35,558.79,47,24,1.9051,0.0132
DARK_ROMANCE + FORCED_PROXIMITY,167.52,545.79,25,11,1.0134,0.006
FAKE_DATING + REP_QUEER_GENERAL,159.7,526.35,26,12,1.0539,0.0066
FAKE_DATING + ROM_COM,132.17,524.74,52,29,2.1078,0.0159
FORCED_PROXIMITY + SECOND_CHANCE,153.09,510.12,27,13,1.0944,0.0071
FANTASY_ROMANCE + OMEGAVERSE,119.53,491.36,60,37,2.4321,0.0203
HE_FALLS_FIRST + HIGH_STEAM,294.83,474.52,4,1,0.1621,0.0005
CONTEMPORARY_ROMANCE + FAKE_DATING,99.19,466.23,109,81,4.4183,0.0445
FAKE_DATING + FRIENDS_TO_LOVERS,114.99,424.17,39,25,1.5809,0.0137
FAKE_DATING + SECOND_CHANCE,159.7,421.46,13,6,0.527,0.0033
FORCED_PROXIMITY + MILITARY_WAR,162.16,402.95,11,5,0.4459,0.0027
FAKE_DATING + MARRIAGE_OF_CONVENIENCE,147.42,399.21,14,7,0.5675,0.0038
CONTEMPORARY_ROMANCE + FORCED_PROXIMITY,72.27,383.63,201,205,8.1475,0.1127
FAKE_DATING + SMALL_TOWN,147.42,378.12,12,6,0.4864,0.0033
FAKE_DATING + SLOW_BURN,147.42,378.12,12,6,0.4864,0.0033
FORCED_PROXIMITY + SLOW_BURN,106.88,363.51,29,20,1.1755,0.011
FORCED_PROXIMITY + ROM_COM,77.49,342.41,82,78,3.3239,0.0429
DARK_ROMANCE + FAKE_DATING,184.27,330.17,5,2,0.2027,0.0011
OMEGAVERSE + PARANORMAL_ROMANCE,78.97,324.65,60,56,2.4321,0.0308
FAKE_DATING + INTERRACIAL_MULTICULTURAL,221.13,306.55,3,1,0.1216,0.0005
FRIENDS_TO_LOVERS + HE_FALLS_FIRST,221.13,306.55,3,1,0.1216,0.0005
FORCED_PROXIMITY + ROYALTY,221.13,306.55,3,1,0.1216,0.0005
CONTEMPORARY_ROMANCE + PLUS_SIZE_REP,106.47,280.97,13,9,0.527,0.0049
HIGH_STEAM + PLUS_SIZE_REP,128.99,268.23,7,4,0.2837,0.0022
FAKE_DATING + SPORTS_GENERAL,87.53,262.21,19,16,0.7702,0.0088
FIREFIGHTER_FIRST_RESPONDER + FORCED_PROXIMITY,147.42,237.26,4,2,0.1621,0.0011
OMEGAVERSE + SHIFTER_WEREWOLF,63.88,235.65,39,45,1.5809,0.0247
FAKE_DATING + HOLIDAY,122.85,220.11,5,3,0.2027,0.0016
FORCED_PROXIMITY + SPORTS_HOCKEY,122.85,220.11,5,3,0.2027,0.0016
OMEGAVERSE + ROYALTY,122.85,220.11,5,3,0.2027,0.0016
ENEMIES_TO_LOVERS + OMEGAVERSE,98.28,215.94,8,6,0.3243,0.0033
FORCED_PROXIMITY + REP_QUEER_GENERAL,52.65,195.52,40,56,1.6214,0.0308
BILLIONAIRE + FORCED_PROXIMITY,69.1,191.59,15,16,0.608,0.0088
FORCED_PROXIMITY + NEURODIVERGENT_DISABILITY,82.92,190.94,9,8,0.3648,0.0044
FORCED_PROXIMITY + REP_MM,50.5,183.71,37,54,1.4998,0.0297
FORCED_PROXIMITY + REVERSE_HAREM_POLY,85.99,178.82,7,6,0.2837,0.0033
FORCED_PROXIMITY + SPORTS_GENERAL,51.6,173.74,28,40,1.135,0.022
FAKE_DATING + WORKPLACE,73.71,161.95,8,8,0.3243,0.0044
OMEGAVERSE + REVERSE_HAREM_POLY,73.71,161.95,8,8,0.3243,0.0044
FAIRY_TALE_RETELLING + FORCED_PROXIMITY,110.56,153.27,3,2,0.1216,0.0011
FAKE_DATING + NEURODIVERGENT_DISABILITY,110.56,153.27,3,2,0.1216,0.0011
FAKE_DATING + HIGH_STEAM,52.21,150.91,17,24,0.6891,0.0132
FORBIDDEN_TABOO + FORCED_PROXIMITY,60.31,138.86,9,11,0.3648,0.006
ACADEMIA_SCHOOL + FAKE_DATING,64.49,134.11,7,8,0.2837,0.0044
BILLIONAIRE + FAKE_DATING,55.28,127.29,9,12,0.3648,0.0066
FORCED_PROXIMITY + INTERRACIAL_MULTICULTURAL,73.71,118.63,4,4,0.1621,0.0022
FAIRY_TALE_RETELLING + REP_MM,43.56,114.94,13,22,0.527,0.0121
FORCED_PROXIMITY + FRIENDS_TO_LOVERS,27.42,113.15,61,164,2.4726,0.0902
FORCED_PROXIMITY + SPORTS_FOOTBALL,61.42,110.06,5,6,0.2027,0.0033
FANTASY_ROMANCE + FORCED_PROXIMITY,51.6,107.29,7,10,0.2837,0.0055
REP_QUEER_GENERAL + SPORTS_HOCKEY,28.71,104.43,37,95,1.4998,0.0522
FRIENDS_TO_LOVERS + PLUS_SIZE_REP,73.71,102.18,3,3,0.1216,0.0016
FAKE_DATING + SEASONAL_SUMMER_BEACH,73.71,102.18,3,3,0.1216,0.0016
FORCED_PROXIMITY + HIGH_STEAM,25.17,101.76,56,164,2.27,0.0902
REP_MM + SPORTS_HOCKEY,26.27,94.87,36,101,1.4593,0.0555
FORCED_PROXIMITY + MYSTERY_THRILLER_SUSPENSE,31.27,84.68,14,33,0.5675,0.0181
CLEAN_SWEET + FRIENDS_TO_LOVERS,46.07,82.54,5,8,0.2027,0.0044
FAIRY_TALE_RETELLING + REP_QUEER_GENERAL,28.08,79.56,16,42,0.6486,0.0231
CLEAN_SWEET + ENEMIES_TO_LOVERS,55.28,76.64,3,4,0.1216,0.0022
FORCED_PROXIMITY + MEDICAL,55.28,76.64,3,4,0.1216,0.0022
COWBOY_WESTERN + REP_QUEER_GENERAL,26.8,68.75,12,33,0.4864,0.0181
COWBOY_WESTERN + REP_MM,26.8,68.75,12,33,0.4864,0.0181
FAIRY_TALE_RETELLING + SLOW_BURN,32.25,67.06,7,16,0.2837,0.0088
COWBOY_WESTERN + ENEMIES_TO_LOVERS,27.3,65.46,10,27,0.4054,0.0148
CLEAN_SWEET + SECOND_CHANCE,44.23,61.31,3,5,0.1216,0.0027
CLEAN_SWEET + REP_MM,44.23,61.31,3,5,0.1216,0.0027
FORCED_PROXIMITY + FOUND_FAMILY,22.43,60.75,14,46,0.5675,0.0253
REP_MM + REP_QUEER_GENERAL,7.87,54.03,953,8920,38.6299,4.9054
FORCED_PROXIMITY + SPORTS_BASEBALL,36.85,51.09,3,6,0.1216,0.0033
ENEMIES_TO_LOVERS + REVERSE_HAREM_POLY,13.47,49.33,38,208,1.5403,0.1144
REP_MM + SPORTS_GENERAL,9.84,46.69,114,854,4.621,0.4696
REP_QUEER_GENERAL + SPORTS_GENERAL,9.39,44.47,113,887,4.5805,0.4878
REP_MM + WITCHES_MAGIC,8.69,44.05,158,1340,6.4045,0.7369
PLUS_SIZE_REP + ROM_COM,26.8,43.14,4,11,0.1621,0.006
FAKE_DATING + REP_FF,26.8,43.14,4,11,0.1621,0.006
REP_MM + SLOW_BURN,9.76,42.65,78,589,3.1617,0.3239
REP_QUEER_GENERAL + WITCHES_MAGIC,8.35,40.52,127,1121,5.148,0.6165
REP_MM + SPORTS_BASEBALL,16.38,39.28,10,45,0.4054,0.0247
DARK_ROMANCE + ENEMIES_TO_LOVERS,7.38,35.0,114,1139,4.621,0.6264
FANTASY_ROMANCE + REP_QUEER_GENERAL,6.05,34.26,286,3482,11.593,1.9149
DRAGONS + REP_MM,9.85,34.13,31,232,1.2566,0.1276
FANTASY_ROMANCE + REP_MM,5.86,34.12,336,4225,13.6198,2.3235
ENEMIES_TO_LOVERS + REP_MM,6.92,34.08,137,1460,5.5533,0.8029
OMEGAVERSE + SCI_FI_ROMANCE,24.57,34.06,3,9,0.1216,0.0049
FAKE_DATING + NEW_ADULT,14.74,33.94,9,45,0.3648,0.0247
ENEMIES_TO_LOVERS + REP_QUEER_GENERAL,6.88,33.89,137,1468,5.5533,0.8073
INTERRACIAL_MULTICULTURAL + REP_QUEER_GENERAL,21.06,33.89,4,14,0.1621,0.0077
REP_QUEER_GENERAL + SLOW_BURN,7.81,33.74,74,698,2.9996,0.3839
ENEMIES_TO_LOVERS + FAIRY_TALE_RETELLING,11.89,32.96,15,93,0.608,0.0511
CONTEMPORARY_ROMANCE + SLOW_BURN,6.76,32.32,118,1286,4.7831,0.7072
PARANORMAL_ROMANCE + REP_QUEER_GENERAL,5.71,31.57,250,3225,10.1338,1.7735
MILITARY_WAR + REP_MM,8.02,30.86,46,423,1.8646,0.2326
CLEAN_SWEET + REP_QUEER_GENERAL,22.11,30.65,3,10,0.1216,0.0055
REP_QUEER_GENERAL + SPORTS_BASEBALL,13.27,30.55,9,50,0.3648,0.0275
MARRIAGE_OF_CONVENIENCE + REP_QUEER_GENERAL,16.75,30.02,5,22,0.2027,0.0121
NEURODIVERGENT_DISABILITY + SPORTS_HOCKEY,18.43,29.66,4,16,0.1621,0.0088
ENEMIES_TO_LOVERS + SLOW_BURN,7.84,29.48,42,395,1.7025,0.2172
ACADEMIA_SCHOOL + ENEMIES_TO_LOVERS,7.04,29.26,63,660,2.5537,0.363
PARANORMAL_ROMANCE + REP_MM,5.12,29.25,303,4365,12.2821,2.4005
SLOW_BURN + SPORTS_GENERAL,9.11,28.97,23,186,0.9323,0.1023
MILITARY_WAR + REP_QUEER_GENERAL,7.62,28.83,43,416,1.743,0.2288
INTERRACIAL_MULTICULTURAL + ROM_COM,12.52,28.82,9,53,0.3648,0.0291
ACADEMIA_SCHOOL + REVERSE_HAREM_POLY,9.07,28.81,23,187,0.9323,0.1028
CONTEMPORARY_ROMANCE + ENEMIES_TO_LOVERS,4.96,28.47,312,4641,12.6469,2.5523
MARRIAGE_OF_CONVENIENCE + REP_MM,17.34,27.91,4,17,0.1621,0.0093
SPORTS_GENERAL + SPORTS_HOCKEY,6.28,27.67,81,951,3.2833,0.523
REP_MM + SECOND_CHANCE,6.62,27.62,64,713,2.5942,0.3921
ENEMIES_TO_LOVERS + SPORTS_GENERAL,6.69,27.5,60,661,2.4321,0.3635
MYSTERY_THRILLER_SUSPENSE + REP_MM,4.87,26.65,238,3605,9.6473,1.9825
COWBOY_WESTERN + SPORTS_GENERAL,16.38,26.36,4,18,0.1621,0.0099
REP_QUEER_GENERAL + SECOND_CHANCE,6.36,26.33,62,719,2.5132,0.3954
GHOSTS + REP_MM,7.9,26.32,27,252,1.0944,0.1386
REP_QUEER_GENERAL + SPORTS_FOOTBALL,9.37,25.98,15,118,0.608,0.0649
FRIENDS_TO_LOVERS + SLOW_BURN,5.94,25.65,74,918,2.9996,0.5048
INTERRACIAL_MULTICULTURAL + ROYALTY,18.43,25.55,3,12,0.1216,0.0066
MYSTERY_THRILLER_SUSPENSE + REP_QUEER_GENERAL,4.6,24.81,219,3509,8.8772,1.9297
ENEMIES_TO_LOVERS + ROM_COM,5.04,24.67,132,1929,5.3506,1.0608
ENEMIES_TO_LOVERS + INTERRACIAL_MULTICULTURAL,13.65,24.46,5,27,0.2027,0.0148
ENEMIES_TO_LOVERS + MAFIA_CARTEL_CRIME,6.88,24.04,32,343,1.2971,0.1886
FRIENDS_TO_LOVERS + REP_QUEER_GENERAL,4.42,23.81,219,3656,8.8772,2.0106
REP_MM + SPORTS_FOOTBALL,8.57,23.76,15,129,0.608,0.0709
DARK_ROMANCE + REP_MM,5.21,23.74,94,1329,3.8103,0.7309
FORCED_PROXIMITY + MUSICIANS,14.74,23.73,4,20,0.1621,0.011
DRAGONS + REP_QUEER_GENERAL,7.91,23.7,19,177,0.7702,0.0973
AGE_GAP + FORCED_PROXIMITY,17.01,23.58,3,13,0.1216,0.0071
ENEMIES_TO_LOVERS + SPORTS_HOCKEY,9.43,23.43,11,86,0.4459,0.0473
FORBIDDEN_TABOO + SLOW_BURN,8.87,23.41,13,108,0.527,0.0594
FRIENDS_TO_LOVERS + SPORTS_HOCKEY,7.05,23.22,26,272,1.0539,0.1496
DARK_TRAUMA + OMEGAVERSE,14.04,22.6,4,21,0.1621,0.0115
FORCED_PROXIMITY + NEW_ADULT,7.63,22.45,18,174,0.7296,0.0957
FRIENDS_TO_LOVERS + REP_MM,4.13,22.14,211,3763,8.5529,2.0694
REP_QUEER_GENERAL + SHIFTER_WEREWOLF,4.79,22.03,98,1507,3.9724,0.8288
GENDER_NONCONFORMING + REP_QUEER_GENERAL,12.28,22.01,5,30,0.2027,0.0165
DARK_ROMANCE + HOLIDAY,9.67,21.24,8,61,0.3243,0.0335
HIGH_STEAM + OMEGAVERSE,10.79,20.99,6,41,0.2432,0.0225
GENDER_NONCONFORMING + REP_MM,11.52,20.64,5,32,0.2027,0.0176
SECOND_CHANCE + SLOW_BURN,6.87,20.57,19,204,0.7702,0.1122
SLOW_BURN + SPORTS_FOOTBALL,10.53,20.49,6,42,0.2432,0.0231
ACADEMIA_SCHOOL + REP_MM,4.57,19.89,77,1243,3.1212,0.6836
SLOW_BURN + WORKPLACE,8.28,19.86,10,89,0.4054,0.0489
GHOSTS + REP_QUEER_GENERAL,6.42,19.85,21,241,0.8512,0.1325
SLOW_BURN + SMALL_TOWN,7.22,19.54,14,143,0.5675,0.0786
ROM_COM + SLOW_BURN,5.5,19.54,34,456,1.3782,0.2508
ACADEMIA_SCHOOL + REP_QUEER_GENERAL,4.48,19.35,74,1217,2.9996,0.6693
ENEMIES_TO_LOVERS + SECOND_CHANCE,4.7,19.34,60,940,2.4321,0.5169
CONTEMPORARY_ROMANCE + REP_QUEER_GENERAL,3.38,19.29,299,6517,12.12,3.5839
SMALL_TOWN + WORKPLACE,8.01,19.21,10,92,0.4054,0.0506
REP_MM + SHIFTER_WEREWOLF,3.91,19.0,128,2413,5.1885,1.327
MEDICAL + SLOW_BURN,9.41,18.31,6,47,0.2432,0.0258
ENEMIES_TO_LOVERS + HOLIDAY,6.58,18.25,15,168,0.608,0.0924
HOLIDAY + MAFIA_CARTEL_CRIME,11.34,18.25,4,26,0.1621,0.0143
ENEMIES_TO_LOVERS + SMALL_TOWN,5.34,18.18,29,400,1.1755,0.22
ENEMIES_TO_LOVERS + WORKPLACE,5.19,18.0,31,440,1.2566,0.242
DARK_ROMANCE + REP_QUEER_GENERAL,4.09,17.91,79,1425,3.2023,0.7837
DEMONS_ANGELS + REP_MM,4.88,17.88,38,574,1.5403,0.3157
HOLIDAY + REP_QUEER_GENERAL,4.7,17.67,42,659,1.7025,0.3624
HISTORICAL_ROMANCE + REP_MM,4.16,17.6,68,1206,2.7564,0.6632
CLEAN_SWEET + INSPIRATIONAL_CHRISTIAN,10.92,17.57,4,27,0.1621,0.0148
FAE_ELVES + REP_QUEER_GENERAL,5.76,17.53,20,256,0.8107,0.1408
FAE_ELVES + REP_MM,5.63,17.4,21,275,0.8512,0.1512
CONTEMPORARY_ROMANCE + REP_MM,3.12,17.39,263,6217,10.6607,3.419
CONTEMPORARY_ROMANCE + INTERRACIAL_MULTICULTURAL,4.54,17.29,44,714,1.7835,0.3927
SPORTS_BASKETBALL + SPORTS_GENERAL,8.85,17.21,6,50,0.2432,0.0275
INTERRACIAL_MULTICULTURAL + NEURODIVERGENT_DISABILITY,12.28,17.03,3,18,0.1216,0.0099
NEURODIVERGENT_DISABILITY + REP_QUEER_GENERAL,3.92,16.97,75,1411,3.0401,0.776
CLEAN_SWEET + CONTEMPORARY_ROMANCE,5.41,16.95,22,300,0.8918,0.165
CONTEMPORARY_ROMANCE + REP_FF,5.56,16.65,19,252,0.7702,0.1386
COWBOY_WESTERN + SMALL_TOWN,5.36,16.32,20,275,0.8107,0.1512
HISTORICAL_ROMANCE + REP_QUEER_GENERAL,3.85,16.29,68,1303,2.7564,0.7166
SMALL_TOWN + TEACHER_ROMANCE,11.64,16.13,3,19,0.1216,0.0104
CLEAN_SWEET + ROM_COM,5.61,15.56,15,197,0.608,0.1083
INTERRACIAL_MULTICULTURAL + SPORTS_GENERAL,8.57,15.36,5,43,0.2027,0.0236
MAFIA_CARTEL_CRIME + REVERSE_HAREM_POLY,6.63,15.27,9,100,0.3648,0.055
REP_QUEER_GENERAL + ROYALTY,4.76,14.72,21,325,0.8512,0.1787
HOLIDAY + SLOW_BURN,8.93,14.38,4,33,0.1621,0.0181
NEURODIVERGENT_DISABILITY + REP_MM,3.37,14.16,66,1445,2.6753,0.7947
SECOND_CHANCE + SPORTS_HOCKEY,5.24,13.82,13,183,0.527,0.1006
COWBOY_WESTERN + SECOND_CHANCE,6.61,13.76,7,78,0.2837,0.0429
DEMONS_ANGELS + REP_QUEER_GENERAL,4.14,13.64,26,463,1.0539,0.2546
CONTEMPORARY_ROMANCE + ROM_COM,2.19,13.21,413,13885,16.741,7.6359
ENEMIES_TO_LOVERS + SEASONAL_SUMMER_BEACH,7.37,13.21,5,50,0.2027,0.0275
COWBOY_WESTERN + FRIENDS_TO_LOVERS,6.29,13.08,7,82,0.2837,0.0451
CONTEMPORARY_ROMANCE + SPORTS_HOCKEY,3.5,13.07,41,864,1.6619,0.4751
ENEMIES_TO_LOVERS + SPORTS_BASEBALL,9.21,12.77,3,24,0.1216,0.0132
CONTEMPORARY_ROMANCE + COWBOY_WESTERN,3.5,12.72,37,780,1.4998,0.429
DARK_ROMANCE + REVERSE_HAREM_POLY,3.24,12.68,49,1114,1.9862,0.6126
FRIENDS_TO_LOVERS + SEASONAL_SUMMER_BEACH,5.48,12.62,9,121,0.3648,0.0665
REP_MM + ROYALTY,4.04,12.49,21,383,0.8512,0.2106
MARRIAGE_OF_CONVENIENCE + SLOW_BURN,6.41,12.47,6,69,0.2432,0.0379
FRIENDS_TO_LOVERS + ROM_COM,2.62,12.44,114,3206,4.621,1.7631
MUSICIANS + REP_MM,3.8,12.22,24,466,0.9728,0.2563
FRIENDS_TO_LOVERS + INTERRACIAL_MULTICULTURAL,5.51,12.11,8,107,0.3243,0.0588
ACADEMIA_SCHOOL + SPORTS_HOCKEY,4.47,12.1,14,231,0.5675,0.127
HOLIDAY + REP_MM,3.3,12.01,37,826,1.4998,0.4542
ACADEMIA_SCHOOL + SPORTS_GENERAL,2.85,11.99,66,1706,2.6753,0.9382
REP_MM + ROM_COM,2.86,11.98,65,1676,2.6348,0.9217
CONTEMPORARY_ROMANCE + FAIRY_TALE_RETELLING,3.71,11.94,24,477,0.9728,0.2623
FORBIDDEN_TABOO + INTERRACIAL_MULTICULTURAL,8.5,11.79,3,26,0.1216,0.0143
MUSICIANS + REP_QUEER_GENERAL,3.56,11.72,26,539,1.0539,0.2964
ACADEMIA_SCHOOL + DARK_ROMANCE,2.97,11.72,51,1267,2.0673,0.6968
FRIENDS_TO_LOVERS + SPORTS_GENERAL,2.69,11.69,76,2082,3.0807,1.145
REP_MM + VAMPIRES,3.03,11.59,45,1096,1.8241,0.6027
ENEMIES_TO_LOVERS + NEW_ADULT,2.53,11.56,96,2800,3.8914,1.5398
ACADEMIA_SCHOOL + SLOW_BURN,4.25,11.5,14,243,0.5675,0.1336
SEASONAL_SUMMER_BEACH + SECOND_CHANCE,5.9,11.47,6,75,0.2432,0.0412
INTERRACIAL_MULTICULTURAL + SECOND_CHANCE,5.49,11.41,7,94,0.2837,0.0517
COWBOY_WESTERN + SLOW_BURN,8.19,11.35,3,27,0.1216,0.0148
REP_MM + REVERSE_HAREM_POLY,2.9,11.28,48,1221,1.9457,0.6715
NEURODIVERGENT_DISABILITY + ROM_COM,3.86,11.14,17,325,0.6891,0.1787
FORBIDDEN_TABOO + SMALL_TOWN,7.9,10.95,3,28,0.1216,0.0154
COWBOY_WESTERN + NEW_ADULT,7.9,10.95,3,28,0.1216,0.0154
MILITARY_WAR + MYSTERY_THRILLER_SUSPENSE,2.88,10.75,41,1051,1.6619,0.578
SECOND_CHANCE + SPORTS_GENERAL,2.93,10.72,38,957,1.5403,0.5263
CONTEMPORARY_ROMANCE + NEURODIVERGENT_DISABILITY,2.49,10.57,69,2044,2.7969,1.1241
ENEMIES_TO_LOVERS + FOODIE_ROMANCE,5.85,10.48,5,63,0.2027,0.0346
NEURODIVERGENT_DISABILITY + SLOW_BURN,4.31,10.34,10,171,0.4054,0.094
CONTEMPORARY_ROMANCE + FRIENDS_TO_LOVERS,1.78,10.32,333,13826,13.4982,7.6034
FAIRY_TALE_RETELLING + FRIENDS_TO_LOVERS,5.76,10.32,5,64,0.2027,0.0352
NEW_ADULT + REP_MM,2.54,10.22,55,1596,2.2294,0.8777
SLOW_BURN + SPORTS_HOCKEY,7.37,10.22,3,30,0.1216,0.0165
FRIENDS_TO_LOVERS + NEURODIVERGENT_DISABILITY,2.78,10.19,38,1007,1.5403,0.5538
DARK_TRAUMA + FORCED_PROXIMITY,6.27,10.1,4,47,0.1621,0.0258
FORBIDDEN_TABOO + HOLIDAY,7.13,9.89,3,31,0.1216,0.017
FAKE_DATING + YOUNG_ADULT,7.13,9.89,3,31,0.1216,0.017
REP_QUEER_GENERAL + ROM_COM,2.37,9.87,63,1956,2.5537,1.0757
DARK_ROMANCE + MARRIAGE_OF_CONVENIENCE,4.65,9.67,7,111,0.2837,0.061
FIREFIGHTER_FIRST_RESPONDER + REP_QUEER_GENERAL,4.01,9.61,10,184,0.4054,0.1012
FORBIDDEN_TABOO + MEDICAL,6.91,9.58,3,32,0.1216,0.0176
NEURODIVERGENT_DISABILITY + SPORTS_GENERAL,3.84,9.55,11,211,0.4459,0.116
REP_QUEER_GENERAL + VAMPIRES,2.8,9.52,29,764,1.1755,0.4202
REP_QUEER_GENERAL + SCI_FI_ROMANCE,2.49,9.5,44,1300,1.7835,0.7149
DARK_ROMANCE + FAIRY_TALE_RETELLING,4.57,9.49,7,113,0.2837,0.0621
CONTEMPORARY_ROMANCE + SPORTS_GENERAL,1.87,9.49,157,6175,6.364,3.3959
ENEMIES_TO_LOVERS + FANTASY_ROMANCE,2.36,9.4,53,1658,2.1484,0.9118
FRIENDS_TO_LOVERS + SPORTS_FOOTBALL,3.22,9.31,17,389,0.6891,0.2139
FIREFIGHTER_FIRST_RESPONDER + GAY_FOR_YOU,5.78,9.3,4,51,0.1621,0.028
REP_MM + SCI_FI_ROMANCE,2.4,9.23,46,1415,1.8646,0.7782
FRIENDS_TO_LOVERS + SECOND_CHANCE,2.06,9.21,86,3073,3.486,1.69
ACADEMIA_SCHOOL + FORCED_PROXIMITY,4.41,9.17,7,117,0.2837,0.0643
SPORTS_FOOTBALL + SPORTS_GENERAL,2.5,9.16,38,1120,1.5403,0.6159
MAFIA_CARTEL_CRIME + REP_QUEER_GENERAL,4.15,9.12,8,142,0.3243,0.0781
NEURODIVERGENT_DISABILITY + SECOND_CHANCE,3.51,9.0,12,252,0.4864,0.1386
CONTEMPORARY_ROMANCE + SPORTS_BASKETBALL,5.56,8.95,4,53,0.1621,0.0291
FIREFIGHTER_FIRST_RESPONDER + REP_MM,3.6,8.95,11,225,0.4459,0.1237
MILITARY_WAR + SECOND_CHANCE,3.35,8.84,13,286,0.527,0.1573
FORBIDDEN_TABOO + WORKPLACE,4.19,8.72,7,123,0.2837,0.0676
ANGSTY_GRIEF + FORCED_PROXIMITY,6.14,8.52,3,36,0.1216,0.0198
NEW_ADULT + REP_QUEER_GENERAL,2.08,8.49,58,2054,2.351,1.1296
SPORTS_BASEBALL + SPORTS_GENERAL,2.82,8.44,19,497,0.7702,0.2733
FRIENDS_TO_LOVERS + SMALL_TOWN,2.28,8.42,39,1260,1.5809,0.6929
NEW_ADULT + SLOW_BURN,2.41,8.21,29,886,1.1755,0.4872
ENEMIES_TO_LOVERS + MYSTERY_THRILLER_SUSPENSE,1.95,7.97,58,2187,2.351,1.2027
MAFIA_CARTEL_CRIME + MARRIAGE_OF_CONVENIENCE,4.91,7.91,4,60,0.1621,0.033
ENEMIES_TO_LOVERS + SPORTS_FOOTBALL,3.6,7.9,8,164,0.3243,0.0902
CONTEMPORARY_ROMANCE + SECOND_CHANCE,1.5,7.87,190,9351,7.7017,5.1425
CONTEMPORARY_ROMANCE + WORKPLACE,1.84,7.77,67,2682,2.7158,1.4749
ENEMIES_TO_LOVERS + PARANORMAL_ROMANCE,2.05,7.65,41,1477,1.6619,0.8123
ROM_COM + WORKPLACE,2.32,7.56,25,794,1.0134,0.4367
ROM_COM + SEASONAL_SUMMER_BEACH,2.86,7.55,13,335,0.527,0.1842
MARRIAGE_OF_CONVENIENCE + WORKPLACE,4.14,7.42,5,89,0.2027,0.0489
HOLIDAY + WORKPLACE,4.14,7.42,5,89,0.2027,0.0489
DARK_ROMANCE + MAFIA_CARTEL_CRIME,1.9,7.3,46,1789,1.8646,0.9838
ACADEMIA_SCHOOL + SPORTS_FOOTBALL,2.68,7.26,14,385,0.5675,0.2117
DARK_ROMANCE + SECOND_CHANCE,2.12,7.21,29,1009,1.1755,0.5549
CONTEMPORARY_ROMANCE + SEASONAL_SUMMER_BEACH,1.92,7.09,39,1495,1.5809,0.8222
FRIENDS_TO_LOVERS + SPORTS_BASEBALL,3.6,7.0,6,123,0.2432,0.0676
MAFIA_CARTEL_CRIME + REP_MM,3.19,7.0,8,185,0.3243,0.1017
MILITARY_WAR + SLOW_BURN,3.84,6.88,5,96,0.2027,0.0528
COWBOY_WESTERN + ROM_COM,4.27,6.88,4,69,0.1621,0.0379
ENEMIES_TO_LOVERS + FRIENDS_TO_LOVERS,1.89,6.87,37,1445,1.4998,0.7947
REP_QUEER_GENERAL + YOUNG_ADULT,1.77,6.8,46,1919,1.8646,1.0553
DARK_TRAUMA + REP_QUEER_GENERAL,1.62,6.73,63,2870,2.5537,1.5783
REP_FF + REP_QUEER_GENERAL,1.83,6.7,38,1532,1.5403,0.8425
FANTASY_ROMANCE + WITCHES_MAGIC,1.23,6.55,208,12505,8.4313,6.877
FAIRY_TALE_RETELLING + SECOND_CHANCE,4.7,6.52,3,47,0.1216,0.0258
ENEMIES_TO_LOVERS + REP_FF,3.35,6.52,6,132,0.2432,0.0726
REVERSE_HAREM_POLY + SECOND_CHANCE,2.72,6.52,10,271,0.4054,0.149
CONTEMPORARY_ROMANCE + MILITARY_WAR,1.79,6.52,37,1521,1.4998,0.8365
SMALL_TOWN + SPORTS_GENERAL,2.41,6.51,14,429,0.5675,0.2359
FRIENDS_TO_LOVERS + MILITARY_WAR,2.36,6.39,14,437,0.5675,0.2403
MARRIAGE_OF_CONVENIENCE + SMALL_TOWN,3.28,6.37,6,135,0.2432,0.0742
DARK_ROMANCE + SLOW_BURN,2.64,6.33,10,279,0.4054,0.1534
COWBOY_WESTERN + HOLIDAY,3.88,6.24,4,76,0.1621,0.0418
DARK_TRAUMA + REP_MM,1.46,6.15,67,3391,2.7158,1.8648
ENEMIES_TO_LOVERS + HIGH_STEAM,1.37,6.1,85,4575,3.4455,2.516
ROM_COM + SECOND_CHANCE,1.75,6.01,30,1264,1.2161,0.6951
MEDICAL + WORKPLACE,4.34,6.01,3,51,0.1216,0.028
ENEMIES_TO_LOVERS + WITCHES_MAGIC,1.94,6.01,21,796,0.8512,0.4377
ENEMIES_TO_LOVERS + MARRIAGE_OF_CONVENIENCE,2.11,5.98,16,559,0.6486,0.3074
FAIRY_TALE_RETELLING + MUSICIANS,4.25,5.9,3,52,0.1216,0.0286
SECOND_CHANCE + WORKPLACE,2.56,5.9,9,259,0.3648,0.1424
FANTASY_ROMANCE + PARANORMAL_ROMANCE,0.99,5.83,365,27247,14.7953,14.9841
GAY_FOR_YOU + REP_QUEER_GENERAL,1.67,5.83,32,1415,1.2971,0.7782
MILITARY_WAR + NEURODIVERGENT_DISABILITY,2.64,5.81,8,223,0.3243,0.1226
REP_MM + YOUNG_ADULT,1.69,5.81,30,1308,1.2161,0.7193
FRIENDS_TO_LOVERS + WORKPLACE,2.09,5.79,15,529,0.608,0.2909
NEW_ADULT + REVERSE_HAREM_POLY,1.78,5.66,23,952,0.9323,0.5235
GAY_FOR_YOU + REP_MM,1.6,5.62,33,1525,1.3377,0.8387
CONTEMPORARY_ROMANCE + SMALL_TOWN,1.2,5.6,107,6599,4.3373,3.629
REP_QUEER_GENERAL + REVERSE_HAREM_POLY,1.66,5.58,28,1245,1.135,0.6847
HORROR + REP_MM,2.25,5.58,11,361,0.4459,0.1985
PARANORMAL_ROMANCE + WITCHES_MAGIC,1.06,5.56,184,12744,7.4585,7.0084
BODYGUARD + NEW_ADULT,2.85,5.55,6,155,0.2432,0.0852
ENEMIES_TO_LOVERS + MEDICAL,3.43,5.52,4,86,0.1621,0.0473
ROM_COM + SPORTS_BASEBALL,3.39,5.45,4,87,0.1621,0.0478
MILITARY_WAR + SMALL_TOWN,2.78,5.41,6,159,0.2432,0.0874
FRIENDS_TO_LOVERS + HOLIDAY,1.88,5.33,16,627,0.6486,0.3448
DRAGONS + FANTASY_ROMANCE,1.45,5.32,38,1929,1.5403,1.0608
ENEMIES_TO_LOVERS + YOUNG_ADULT,1.6,5.28,26,1196,1.0539,0.6577
CONTEMPORARY_ROMANCE + SPORTS_BASEBALL,2.0,5.27,13,480,0.527,0.264
ENEMIES_TO_LOVERS + MILITARY_WAR,2.28,5.25,9,291,0.3648,0.16
FAIRY_TALE_RETELLING + FANTASY_ROMANCE,1.84,5.22,16,640,0.6486,0.352
ENEMIES_TO_LOVERS + NEURODIVERGENT_DISABILITY,2.26,5.21,9,293,0.3648,0.1611
FAIRY_TALE_RETELLING + ROM_COM,2.37,5.2,8,249,0.3243,0.1369
FORBIDDEN_TABOO + SECOND_CHANCE,2.24,5.16,9,296,0.3648,0.1628
ROM_COM + SMALL_TOWN,1.44,5.09,33,1684,1.3377,0.9261
ANGSTY_GRIEF + SLOW_BURN,2.04,5.07,11,397,0.4459,0.2183
CONTEMPORARY_ROMANCE + HOLIDAY,1.16,5.06,77,4887,3.1212,2.6875
SECOND_CHANCE + SPORTS_FOOTBALL,2.6,5.06,6,170,0.2432,0.0935
DRAGONS + SHIFTER_WEREWOLF,1.46,5.01,30,1515,1.2161,0.8332
ACADEMIA_SCHOOL + FRIENDS_TO_LOVERS,1.25,4.93,50,2940,2.0268,1.6168
MONSTER_ALIEN + REP_QUEER_GENERAL,2.53,4.92,6,175,0.2432,0.0962
HORROR + REP_QUEER_GENERAL,2.05,4.91,10,360,0.4054,0.198
ENEMIES_TO_LOVERS + FAE_ELVES,2.35,4.88,7,220,0.2837,0.121
HIGH_STEAM + REP_MM,1.0,4.85,128,9456,5.1885,5.2002
ACADEMIA_SCHOOL + NEW_ADULT,1.04,4.85,106,7534,4.2967,4.1432
CONTEMPORARY_ROMANCE + SPORTS_FOOTBALL,1.54,4.83,22,1053,0.8918,0.5791
DARK_ROMANCE + HIGH_STEAM,0.99,4.83,128,9493,5.1885,5.2206
FRIENDS_TO_LOVERS + MARRIAGE_OF_CONVENIENCE,1.85,4.74,12,479,0.4864,0.2634
HIGH_STEAM + REP_QUEER_GENERAL,1.0,4.74,111,8143,4.4994,4.4781
DARK_ROMANCE + MYSTERY_THRILLER_SUSPENSE,1.02,4.74,104,7522,4.2156,4.1366
REP_QUEER_GENERAL + TEACHER_ROMANCE,2.43,4.73,6,182,0.2432,0.1001
CONTEMPORARY_ROMANCE + MARRIAGE_OF_CONVENIENCE,1.34,4.73,33,1813,1.3377,0.997
FANTASY_ROMANCE + SHIFTER_WEREWOLF,0.95,4.73,142,10983,5.756,6.04
BILLIONAIRE + ENEMIES_TO_LOVERS,1.69,4.68,15,655,0.608,0.3602
ROM_COM + SPORTS_GENERAL,1.45,4.68,24,1217,0.9728,0.6693
ENEMIES_TO_LOVERS + FORBIDDEN_TABOO,2.13,4.68,8,277,0.3243,0.1523
ROAD_TRIP + SEASONAL_SUMMER_BEACH,2.39,4.65,6,185,0.2432,0.1017
NEW_ADULT + SPORTS_GENERAL,1.12,4.6,60,3950,2.4321,2.1723
NEURODIVERGENT_DISABILITY + YOUNG_ADULT,1.73,4.56,13,554,0.527,0.3047
FIREFIGHTER_FIRST_RESPONDER + SMALL_TOWN,2.81,4.52,4,105,0.1621,0.0577
DRAGONS + PARANORMAL_ROMANCE,1.26,4.48,34,1990,1.3782,1.0944
CELEBRITY + REP_MM,1.9,4.38,9,349,0.3648,0.1919
FIREFIGHTER_FIRST_RESPONDER + FRIENDS_TO_LOVERS,2.23,4.35,6,198,0.2432,0.1089
HIGH_STEAM + SPORTS_HOCKEY,1.69,4.35,12,522,0.4864,0.2871
HOLIDAY + ROM_COM,1.45,4.35,19,964,0.7702,0.5301
CONTEMPORARY_ROMANCE + DARK_ROMANCE,0.91,4.29,109,8808,4.4183,4.8438
ENEMIES_TO_LOVERS + ROYALTY,1.84,4.23,9,361,0.3648,0.1985
FANTASY_ROMANCE + SLOW_BURN,1.9,4.17,8,311,0.3243,0.171
CONTEMPORARY_ROMANCE + FEMINIST_STRONG_LEAD,2.99,4.14,3,74,0.1216,0.0407
FRIENDS_TO_LOVERS + REP_FF,2.54,4.09,4,116,0.1621,0.0638
FORBIDDEN_TABOO + FRIENDS_TO_LOVERS,1.59,4.08,12,556,0.4864,0.3058
NEW_ADULT + SPORTS_FOOTBALL,1.5,4.06,14,689,0.5675,0.3789
FORBIDDEN_TABOO + SPORTS_GENERAL,2.26,4.05,5,163,0.2027,0.0896
PARANORMAL_ROMANCE + SHIFTER_WEREWOLF,0.81,4.04,143,12961,5.7965,7.1277
FOUND_FAMILY + REP_MM,1.04,4.03,47,3327,1.9051,1.8296
ACTION_ADVENTURE + REP_MM,1.15,4.02,32,2053,1.2971,1.129
COWBOY_WESTERN + MYSTERY_THRILLER_SUSPENSE,1.72,3.97,9,385,0.3648,0.2117
REP_MM + TEACHER_ROMANCE,2.04,3.97,6,217,0.2432,0.1193
ANGSTY_GRIEF + REP_MM,1.42,3.94,15,779,0.608,0.4284
CONTEMPORARY_ROMANCE + FORBIDDEN_TABOO,1.07,3.9,37,2546,1.4998,1.4001
SHIFTER_WEREWOLF + WITCHES_MAGIC,0.91,3.89,72,5860,2.9185,3.2226
DARK_ROMANCE + SPORTS_GENERAL,1.6,3.84,10,460,0.4054,0.253
ENEMIES_TO_LOVERS + SHIFTER_WEREWOLF,1.4,3.8,14,736,0.5675,0.4048
FOUND_FAMILY + REP_QUEER_GENERAL,0.98,3.78,46,3457,1.8646,1.9011
DRAGONS + WITCHES_MAGIC,1.19,3.77,23,1428,0.9323,0.7853
REVERSE_HAREM_POLY + SPORTS_GENERAL,2.09,3.75,5,176,0.2027,0.0968
NEURODIVERGENT_DISABILITY + WITCHES_MAGIC,2.66,3.69,3,83,0.1216,0.0456
DARK_ROMANCE + NEURODIVERGENT_DISABILITY,1.64,3.61,8,359,0.3243,0.1974
CONTEMPORARY_ROMANCE + REP_CULTURAL_IDENTITY,1.57,3.61,9,423,0.3648,0.2326
HOLIDAY + SECOND_CHANCE,1.5,3.59,10,493,0.4054,0.2711
CELEBRITY + REP_QUEER_GENERAL,1.49,3.58,10,494,0.4054,0.2717
ACTION_ADVENTURE + REP_QUEER_GENERAL,1.05,3.58,29,2031,1.1755,1.1169
ANGSTY_GRIEF + REP_QUEER_GENERAL,1.29,3.58,15,856,0.608,0.4707
BILLIONAIRE + SMALL_TOWN,2.22,3.57,4,133,0.1621,0.0731
PARANORMAL_ROMANCE + SLOW_BURN,1.84,3.57,6,241,0.2432,0.1325
FRIENDS_TO_LOVERS + GAY_FOR_YOU,1.21,3.56,18,1097,0.7296,0.6033
FANTASY_ROMANCE + ROYALTY,1.09,3.55,25,1691,1.0134,0.9299
MILITARY_WAR + ROM_COM,1.97,3.53,5,187,0.2027,0.1028
HOLIDAY + MILITARY_WAR,2.54,3.52,3,87,0.1216,0.0478
SECOND_CHANCE + SMALL_TOWN,1.17,3.51,19,1196,0.7702,0.6577
DARK_TRAUMA + SLOW_BURN,1.51,3.48,9,439,0.3648,0.2414
GAY_FOR_YOU + SLOW_BURN,1.94,3.48,5,190,0.2027,0.1045
MAFIA_CARTEL_CRIME + SECOND_CHANCE,1.78,3.47,6,248,0.2432,0.1364
MUSICIANS + SLOW_BURN,2.15,3.46,4,137,0.1621,0.0753
HIGH_STEAM + SLOW_BURN,1.24,3.45,15,889,0.608,0.4889
FANTASY_ROMANCE + NEURODIVERGENT_DISABILITY,1.56,3.43,8,378,0.3243,0.2079
FRIENDS_TO_LOVERS + MEDICAL,1.65,3.43,7,313,0.2837,0.1721
HIGH_STEAM + INTERRACIAL_MULTICULTURAL,1.35,3.36,11,599,0.4459,0.3294
DARK_ROMANCE + FRIENDS_TO_LOVERS,1.06,3.33,22,1529,0.8918,0.8409
FEMINIST_STRONG_LEAD + HISTORICAL_ROMANCE,2.4,3.33,3,92,0.1216,0.0506
MARRIAGE_OF_CONVENIENCE + ROM_COM,1.31,3.27,11,617,0.4459,0.3393
REP_FF + REP_MM,1.8,3.22,5,205,0.2027,0.1127
CONTEMPORARY_ROMANCE + FIREFIGHTER_FIRST_RESPONDER,1.25,3.2,12,710,0.4864,0.3905
FRIENDS_TO_LOVERS + NEW_ADULT,0.73,3.2,81,8217,3.2833,4.5188
GHOSTS + MYSTERY_THRILLER_SUSPENSE,0.99,3.13,23,1719,0.9323,0.9453
MYSTERY_THRILLER_SUSPENSE + SECOND_CHANCE,0.89,3.11,32,2656,1.2971,1.4606
REP_CULTURAL_IDENTITY + ROM_COM,2.23,3.1,3,99,0.1216,0.0544
MONSTER_ALIEN + REP_MM,1.59,3.08,6,279,0.2432,0.1534
ROYALTY + WITCHES_MAGIC,1.16,3.07,13,823,0.527,0.4526
FAIRY_TALE_RETELLING + HIGH_STEAM,1.47,3.07,7,350,0.2837,0.1925
ROAD_TRIP + ROM_COM,1.47,3.06,7,351,0.2837,0.193
ACADEMIA_SCHOOL + MYSTERY_THRILLER_SUSPENSE,1.01,3.04,19,1380,0.7702,0.7589
CONTEMPORARY_ROMANCE + GAY_FOR_YOU,1.03,3.04,18,1284,0.7296,0.7061
ACADEMIA_SCHOOL + CONTEMPORARY_ROMANCE,0.7,3.03,73,7647,2.9591,4.2054
GAY_FOR_YOU + MUSICIANS,2.17,3.01,3,102,0.1216,0.0561
DEMONS_ANGELS + ENEMIES_TO_LOVERS,1.37,3.01,8,431,0.3243,0.237
MEDICAL + ROM_COM,1.87,3.0,4,158,0.1621,0.0869
GHOSTS + PARANORMAL_ROMANCE,0.86,2.91,29,2496,1.1755,1.3726
HISTORICAL_ROMANCE + SLOW_BURN,1.62,2.91,5,227,0.2027,0.1248
FANTASY_ROMANCE + GHOSTS,0.89,2.9,25,2068,1.0134,1.1373
SMALL_TOWN + SPORTS_FOOTBALL,2.09,2.89,3,106,0.1216,0.0583
DARK_TRAUMA + ENEMIES_TO_LOVERS,0.95,2.88,20,1557,0.8107,0.8563
DARK_ROMANCE + NEW_ADULT,0.7,2.88,61,6454,2.4726,3.5493
NEW_ADULT + SPORTS_HOCKEY,1.25,2.88,9,531,0.3648,0.292
HIGH_STEAM + SMALL_TOWN,0.9,2.87,23,1879,0.9323,1.0333
MYSTERY_THRILLER_SUSPENSE + SLOW_BURN,1.31,2.87,8,451,0.3243,0.248
FANTASY_ROMANCE + HISTORICAL_ROMANCE,0.74,2.86,48,4811,1.9457,2.6457
MAFIA_CARTEL_CRIME + MYSTERY_THRILLER_SUSPENSE,0.85,2.84,27,2333,1.0944,1.283
FRIENDS_TO_LOVERS + WITCHES_MAGIC,1.29,2.84,8,456,0.3243,0.2508
FORBIDDEN_TABOO + REP_MM,1.36,2.83,7,379,0.2837,0.2084
HOLIDAY + SPORTS_GENERAL,1.75,2.82,4,168,0.1621,0.0924
MYSTERY_THRILLER_SUSPENSE + REVERSE_HAREM_POLY,0.92,2.76,19,1522,0.7702,0.837
CONTEMPORARY_ROMANCE + FOODIE_ROMANCE,1.04,2.75,13,919,0.527,0.5054
FAE_ELVES + FANTASY_ROMANCE,0.8,2.74,29,2656,1.1755,1.4606
DARK_ROMANCE + SMALL_TOWN,1.97,2.74,3,112,0.1216,0.0616
FAE_ELVES + WITCHES_MAGIC,0.83,2.74,26,2301,1.0539,1.2654
REVERSE_HAREM_POLY + WITCHES_MAGIC,1.13,2.7,10,655,0.4054,0.3602
ROM_COM + TEACHER_ROMANCE,1.94,2.69,3,114,0.1216,0.0627
FRIENDS_TO_LOVERS + MUSICIANS,0.95,2.69,16,1240,0.6486,0.6819
FAE_ELVES + PARANORMAL_ROMANCE,0.79,2.68,29,2715,1.1755,1.4931
ENEMIES_TO_LOVERS + VAMPIRES,1.22,2.68,8,483,0.3243,0.2656
CONTEMPORARY_ROMANCE + REVERSE_HAREM_POLY,0.74,2.64,35,3497,1.4187,1.9231
FOUND_FAMILY + MILITARY_WAR,1.2,2.63,8,492,0.3243,0.2706
CONTEMPORARY_ROMANCE + ROAD_TRIP,0.92,2.62,16,1276,0.6486,0.7017
HISTORICAL_ROMANCE + REP_FF,1.86,2.58,3,119,0.1216,0.0654
FOODIE_ROMANCE + ROM_COM,1.3,2.54,6,339,0.2432,0.1864
ACADEMIA_SCHOOL + MAFIA_CARTEL_CRIME,1.41,2.52,5,262,0.2027,0.1441
NEW_ADULT + SECOND_CHANCE,0.67,2.5,41,4517,1.6619,2.4841
DARK_ROMANCE + MILITARY_WAR,1.27,2.47,6,348,0.2432,0.1914
CONTEMPORARY_ROMANCE + MUSICIANS,0.66,2.45,41,4611,1.6619,2.5358
FANTASY_ROMANCE + FRIENDS_TO_LOVERS,0.88,2.44,15,1256,0.608,0.6907
BODYGUARD + FRIENDS_TO_LOVERS,1.75,2.43,3,126,0.1216,0.0693
FORBIDDEN_TABOO + REP_QUEER_GENERAL,1.17,2.43,7,441,0.2837,0.2425
MYSTERY_THRILLER_SUSPENSE + PARANORMAL_ROMANCE,0.53,2.39,89,12332,3.6076,6.7818
DARK_ROMANCE + FANTASY_ROMANCE,0.71,2.39,28,2905,1.135,1.5976
FANTASY_ROMANCE + MYSTERY_THRILLER_SUSPENSE,0.54,2.38,84,11554,3.4049,6.354
FIREFIGHTER_FIRST_RESPONDER + FOUND_FAMILY,1.47,2.36,4,201,0.1621,0.1105
CONTEMPORARY_ROMANCE + ROYALTY,0.86,2.33,14,1199,0.5675,0.6594
CONTEMPORARY_ROMANCE + HIGH_STEAM,0.42,2.31,231,40223,9.3636,22.1201
HIGH_STEAM + HOLIDAY,0.79,2.27,17,1593,0.6891,0.876
FRIENDS_TO_LOVERS + MYSTERY_THRILLER_SUSPENSE,0.66,2.26,29,3219,1.1755,1.7702
HIGH_STEAM + REVERSE_HAREM_POLY,0.57,2.25,51,6594,2.0673,3.6263
PARANORMAL_ROMANCE + ROYALTY,0.84,2.22,13,1141,0.527,0.6275
CONTEMPORARY_ROMANCE + NEW_ADULT,0.42,2.18,177,30988,7.1747,17.0414
HIGH_STEAM + MAFIA_CARTEL_CRIME,0.71,2.17,20,2072,0.8107,1.1395
SPORTS_GENERAL + WORKPLACE,1.57,2.17,3,141,0.1216,0.0775
DEMONS_ANGELS + FAIRY_TALE_RETELLING,1.55,2.14,3,143,0.1216,0.0786
DARK_TRAUMA + NEURODIVERGENT_DISABILITY,0.86,2.13,11,945,0.4459,0.5197
FANTASY_ROMANCE + REVERSE_HAREM_POLY,0.7,2.12,20,2116,0.8107,1.1637
ANGSTY_GRIEF + SMALL_TOWN,0.95,2.09,8,621,0.3243,0.3415
MYSTERY_THRILLER_SUSPENSE + WITCHES_MAGIC,0.55,2.06,40,5327,1.6214,2.9295
SECOND_CHANCE + WITCHES_MAGIC,1.27,2.05,4,232,0.1621,0.1276
FAIRY_TALE_RETELLING + YOUNG_ADULT,0.98,2.04,7,525,0.2837,0.2887
MEDICAL + REP_QUEER_GENERAL,1.05,2.04,6,422,0.2432,0.2321
HISTORICAL_ROMANCE + WITCHES_MAGIC,0.67,2.03,20,2212,0.8107,1.2165
FOUND_FAMILY + SPORTS_HOCKEY,1.25,2.02,4,235,0.1621,0.1292
FANTASY_ROMANCE + SECOND_CHANCE,0.91,2.01,8,645,0.3243,0.3547
MEDICAL + REP_MM,1.03,2.01,6,428,0.2432,0.2354
SECOND_CHANCE + SHIFTER_WEREWOLF,1.23,1.99,4,239,0.1621,0.1314
DEMONS_ANGELS + FANTASY_ROMANCE,0.51,1.98,49,7121,1.9862,3.9161
FRIENDS_TO_LOVERS + ROAD_TRIP,1.42,1.97,3,156,0.1216,0.0858
FANTASY_ROMANCE + MARRIAGE_OF_CONVENIENCE,1.22,1.97,4,241,0.1621,0.1325
HIGH_STEAM + SPORTS_GENERAL,0.59,1.96,27,3380,1.0944,1.8588
MUSICIANS + SECOND_CHANCE,0.89,1.95,8,666,0.3243,0.3663
ACADEMIA_SCHOOL + SECOND_CHANCE,0.76,1.95,12,1166,0.4864,0.6412
CELEBRITY + SLOW_BURN,1.38,1.92,3,160,0.1216,0.088
ACADEMIA_SCHOOL + HIGH_STEAM,0.53,1.9,34,4694,1.3782,2.5814
ANGSTY_GRIEF + ENEMIES_TO_LOVERS,0.83,1.9,9,802,0.3648,0.441
FANTASY_ROMANCE + YOUNG_ADULT,0.51,1.9,40,5759,1.6214,3.1671
MARRIAGE_OF_CONVENIENCE + MYSTERY_THRILLER_SUSPENSE,0.85,1.87,8,692,0.3243,0.3806
MEDICAL + SMALL_TOWN,1.35,1.87,3,164,0.1216,0.0902
PARANORMAL_ROMANCE + SECOND_CHANCE,0.85,1.86,8,696,0.3243,0.3828
FOUND_FAMILY + SLOW_BURN,0.89,1.86,7,578,0.2837,0.3179
ENEMIES_TO_LOVERS + SCI_FI_ROMANCE,0.84,1.85,8,702,0.3243,0.3861
ACADEMIA_SCHOOL + FORBIDDEN_TABOO,0.94,1.83,6,470,0.2432,0.2585
DEMONS_ANGELS + PARANORMAL_ROMANCE,0.46,1.81,48,7621,1.9457,4.1911
DEMONS_ANGELS + HOLIDAY,1.31,1.81,3,169,0.1216,0.0929
FANTASY_ROMANCE + VAMPIRES,0.45,1.81,55,9010,2.2294,4.9549
ACADEMIA_SCHOOL + WITCHES_MAGIC,1.12,1.8,4,264,0.1621,0.1452
NEURODIVERGENT_DISABILITY + PARANORMAL_ROMANCE,1.0,1.8,5,367,0.2027,0.2018
ACTION_ADVENTURE + MILITARY_WAR,0.75,1.8,10,984,0.4054,0.5411
NEW_ADULT + REP_FF,1.29,1.79,3,171,0.1216,0.094
CONTEMPORARY_ROMANCE + MAFIA_CARTEL_CRIME,0.6,1.79,19,2350,0.7702,1.2924
ENEMIES_TO_LOVERS + HISTORICAL_ROMANCE,0.64,1.78,15,1719,0.608,0.9453
CONTEMPORARY_ROMANCE + MEDICAL,0.65,1.77,14,1582,0.5675,0.87
CLEAN_SWEET + MYSTERY_THRILLER_SUSPENSE,1.08,1.73,4,274,0.1621,0.1507
DARK_ROMANCE + WORKPLACE,1.24,1.72,3,178,0.1216,0.0979
ACADEMIA_SCHOOL + HOLIDAY,1.22,1.69,3,181,0.1216,0.0995
FANTASY_ROMANCE + SCI_FI_ROMANCE,0.43,1.68,47,7987,1.9051,4.3923
HISTORICAL_ROMANCE + ROAD_TRIP,1.21,1.68,3,183,0.1216,0.1006
MUSICIANS + ROM_COM,0.81,1.68,7,638,0.2837,0.3509
DARK_ROMANCE + PARANORMAL_ROMANCE,0.54,1.67,21,2862,0.8512,1.5739
MARRIAGE_OF_CONVENIENCE + NEW_ADULT,0.93,1.67,5,396,0.2027,0.2178
FRIENDS_TO_LOVERS + REVERSE_HAREM_POLY,0.76,1.66,8,780,0.3243,0.429
DARK_TRAUMA + MILITARY_WAR,0.85,1.65,6,521,0.2432,0.2865
HIGH_STEAM + WORKPLACE,0.59,1.64,15,1870,0.608,1.0284
FANTASY_ROMANCE + ROM_COM,0.5,1.63,26,3871,1.0539,2.1288
ANGSTY_GRIEF + FRIENDS_TO_LOVERS,0.51,1.63,24,3484,0.9728,1.916
NEW_ADULT + ROM_COM,0.45,1.61,34,5523,1.3782,3.0373
PARANORMAL_ROMANCE + VAMPIRES,0.39,1.59,55,10284,2.2294,5.6556
FRIENDS_TO_LOVERS + HIGH_STEAM,0.4,1.58,52,9607,2.1078,5.2832
DARK_TRAUMA + FRIENDS_TO_LOVERS,0.5,1.58,23,3415,0.9323,1.878
HISTORICAL_ROMANCE + HORROR,0.98,1.58,4,301,0.1621,0.1655
BILLIONAIRE + DARK_ROMANCE,0.56,1.56,15,1969,0.608,1.0828
HOLIDAY + PARANORMAL_ROMANCE,0.68,1.56,9,981,0.3648,0.5395
ACADEMIA_SCHOOL + FANTASY_ROMANCE,0.8,1.55,6,554,0.2432,0.3047
HIGH_STEAM + SECOND_CHANCE,0.45,1.55,30,4888,1.2161,2.6881
REP_FF + YOUNG_ADULT,1.12,1.55,3,198,0.1216,0.1089
HISTORICAL_ROMANCE + PARANORMAL_ROMANCE,0.47,1.54,26,4111,1.0539,2.2608
NEW_ADULT + SEASONAL_SUMMER_BEACH,0.74,1.54,7,697,0.2837,0.3833
FRIENDS_TO_LOVERS + PARANORMAL_ROMANCE,0.62,1.53,11,1317,0.4459,0.7243
HISTORICAL_ROMANCE + MILITARY_WAR,0.69,1.52,8,853,0.3243,0.4691
DARK_ROMANCE + DARK_TRAUMA,0.42,1.5,35,6170,1.4187,3.3931
ACADEMIA_SCHOOL + PARANORMAL_ROMANCE,0.77,1.5,6,572,0.2432,0.3146
REP_MM + SMALL_TOWN,1.08,1.5,3,204,0.1216,0.1122
NEW_ADULT + SMALL_TOWN,0.62,1.48,10,1198,0.4054,0.6588
HISTORICAL_ROMANCE + YOUNG_ADULT,0.58,1.48,12,1528,0.4864,0.8403
FOUND_FAMILY + FRIENDS_TO_LOVERS,0.43,1.47,30,5167,1.2161,2.8415
COWBOY_WESTERN + HIGH_STEAM,0.91,1.47,4,323,0.1621,0.1776
VAMPIRES + WITCHES_MAGIC,0.42,1.47,31,5381,1.2566,2.9592
MUSICIANS + NEURODIVERGENT_DISABILITY,1.05,1.46,3,210,0.1216,0.1155
PARANORMAL_ROMANCE + ROM_COM,0.46,1.45,23,3721,0.9323,2.0463
ROM_COM + SPORTS_HOCKEY,1.04,1.44,3,213,0.1216,0.1171
CONTEMPORARY_ROMANCE + MYSTERY_THRILLER_SUSPENSE,0.3,1.43,109,26480,4.4183,14.5623
FANTASY_ROMANCE + HOLIDAY,0.65,1.43,8,903,0.3243,0.4966
HISTORICAL_ROMANCE + MYSTERY_THRILLER_SUSPENSE,0.41,1.43,31,5540,1.2566,3.0467
MUSICIANS + REVERSE_HAREM_POLY,1.03,1.43,3,215,0.1216,0.1182
ROM_COM + WITCHES_MAGIC,0.52,1.41,14,1981,0.5675,1.0894
HIGH_STEAM + NEURODIVERGENT_DISABILITY,0.54,1.39,12,1632,0.4864,0.8975
DARK_ROMANCE + SHIFTER_WEREWOLF,0.67,1.39,7,772,0.2837,0.4246
ENEMIES_TO_LOVERS + MUSICIANS,0.99,1.37,3,223,0.1216,0.1226
PARANORMAL_ROMANCE + REVERSE_HAREM_POLY,0.48,1.37,16,2434,0.6486,1.3385
GAY_FOR_YOU + SPORTS_GENERAL,0.99,1.37,3,223,0.1216,0.1226
REP_CULTURAL_IDENTITY + YOUNG_ADULT,0.98,1.36,3,226,0.1216,0.1243
BILLIONAIRE + ROM_COM,0.59,1.36,9,1122,0.3648,0.617
HIGH_STEAM + MILITARY_WAR,0.57,1.36,10,1304,0.4054,0.7171
GHOSTS + WITCHES_MAGIC,0.58,1.35,9,1134,0.3648,0.6236
MYSTERY_THRILLER_SUSPENSE + ROM_COM,0.41,1.34,26,4715,1.0539,2.593
ACADEMIA_SCHOOL + YOUNG_ADULT,0.39,1.34,29,5430,1.1755,2.9862
DRAGONS + ROM_COM,0.83,1.33,4,357,0.1621,0.1963
WITCHES_MAGIC + YOUNG_ADULT,0.47,1.32,16,2524,0.6486,1.388
NEW_ADULT + SPORTS_BASEBALL,0.94,1.3,3,235,0.1216,0.1292
ROM_COM + ROYALTY,0.79,1.27,4,374,0.1621,0.2057
HIGH_STEAM + ROM_COM,0.35,1.27,37,7838,1.4998,4.3104
HOLIDAY + WITCHES_MAGIC,0.78,1.26,4,376,0.1621,0.2068
ROYALTY + SCI_FI_ROMANCE,0.63,1.22,6,705,0.2432,0.3877
FORBIDDEN_TABOO + HIGH_STEAM,0.42,1.22,17,2970,0.6891,1.6333
SLOW_BURN + YOUNG_ADULT,0.75,1.2,4,394,0.1621,0.2167
DARK_ROMANCE + DEMONS_ANGELS,0.62,1.2,6,717,0.2432,0.3943
DRAGONS + VAMPIRES,0.61,1.19,6,724,0.2432,0.3982
DEMONS_ANGELS + WITCHES_MAGIC,0.36,1.18,25,5085,1.0134,2.7964
BODYGUARD + CONTEMPORARY_ROMANCE,0.6,1.17,6,737,0.2432,0.4053
BILLIONAIRE + WORKPLACE,0.53,1.16,8,1114,0.3243,0.6126
SHIFTER_WEREWOLF + VAMPIRES,0.35,1.14,24,5011,0.9728,2.7557
ANGSTY_GRIEF + SECOND_CHANCE,0.41,1.11,14,2522,0.5675,1.3869
SPORTS_GENERAL + YOUNG_ADULT,0.42,1.1,13,2297,0.527,1.2632
FAIRY_TALE_RETELLING + HISTORICAL_ROMANCE,0.61,1.1,5,603,0.2027,0.3316
HORROR + MYSTERY_THRILLER_SUSPENSE,0.44,1.1,11,1832,0.4459,1.0075
MYSTERY_THRILLER_SUSPENSE + NEURODIVERGENT_DISABILITY,0.56,1.09,6,786,0.2432,0.4323
ENEMIES_TO_LOVERS + GAY_FOR_YOU,0.78,1.09,3,282,0.1216,0.1551
FOUND_FAMILY + NEURODIVERGENT_DISABILITY,0.52,1.08,7,994,0.2837,0.5466
MARRIAGE_OF_CONVENIENCE + SECOND_CHANCE,0.67,1.07,4,443,0.1621,0.2436
FOUND_FAMILY + SPORTS_GENERAL,0.43,1.07,11,1875,0.4459,1.0311
MAFIA_CARTEL_CRIME + NEW_ADULT,0.45,1.07,10,1653,0.4054,0.909
HIGH_STEAM + MYSTERY_THRILLER_SUSPENSE,0.25,1.04,61,17854,2.4726,9.8186
ANGSTY_GRIEF + CONTEMPORARY_ROMANCE,0.28,1.04,42,11240,1.7025,6.1813
CELEBRITY + ROM_COM,0.5,1.04,7,1034,0.2837,0.5686
REP_QUEER_GENERAL + SMALL_TOWN,0.74,1.03,3,297,0.1216,0.1633
BILLIONAIRE + CONTEMPORARY_ROMANCE,0.29,1.03,33,8329,1.3377,4.5804
MYSTERY_THRILLER_SUSPENSE + SHIFTER_WEREWOLF,0.34,1.01,19,4134,0.7702,2.2734
FANTASY_ROMANCE + HORROR,0.41,1.01,11,1998,0.4459,1.0988
CELEBRITY + ENEMIES_TO_LOVERS,0.72,0.99,3,309,0.1216,0.1699
FANTASY_ROMANCE + MILITARY_WAR,0.55,0.99,5,667,0.2027,0.3668
CELEBRITY + CONTEMPORARY_ROMANCE,0.32,0.98,21,4869,0.8512,2.6776
DARK_ROMANCE + FORBIDDEN_TABOO,0.43,0.98,9,1554,0.3648,0.8546
HISTORICAL_ROMANCE + ROYALTY,0.5,0.98,6,881,0.2432,0.4845
CONTEMPORARY_ROMANCE + FOUND_FAMILY,0.23,0.97,64,20277,2.5942,11.1511
CONTEMPORARY_ROMANCE + WITCHES_MAGIC,0.34,0.97,16,3427,0.6486,1.8846
ANGSTY_GRIEF + NEURODIVERGENT_DISABILITY,0.54,0.97,5,684,0.2027,0.3762
CONTEMPORARY_ROMANCE + TEACHER_ROMANCE,0.5,0.97,6,884,0.2432,0.4861
FAE_ELVES + SHIFTER_WEREWOLF,0.42,0.96,9,1594,0.3648,0.8766
MYSTERY_THRILLER_SUSPENSE + SMALL_TOWN,0.38,0.95,11,2118,0.4459,1.1648
ACADEMIA_SCHOOL + NEURODIVERGENT_DISABILITY,0.68,0.95,3,323,0.1216,0.1776
BILLIONAIRE + FRIENDS_TO_LOVERS,0.48,0.93,6,929,0.2432,0.5109
FRIENDS_TO_LOVERS + HISTORICAL_ROMANCE,0.42,0.92,8,1402,0.3243,0.771
CONTEMPORARY_ROMANCE + DARK_TRAUMA,0.25,0.92,39,11499,1.5809,6.3237
HORROR + PARANORMAL_ROMANCE,0.36,0.91,11,2222,0.4459,1.222
ACADEMIA_SCHOOL + ROM_COM,0.44,0.91,7,1180,0.2837,0.6489
PARANORMAL_ROMANCE + YOUNG_ADULT,0.3,0.91,20,4952,0.8107,2.7233
GAY_FOR_YOU + HIGH_STEAM,0.41,0.9,8,1440,0.3243,0.7919
ROAD_TRIP + YOUNG_ADULT,0.5,0.9,5,732,0.2027,0.4026
ANGSTY_GRIEF + WORKPLACE,0.64,0.89,3,346,0.1216,0.1903
SCI_FI_ROMANCE + YOUNG_ADULT,0.38,0.88,9,1728,0.3648,0.9503
CELEBRITY + SECOND_CHANCE,0.48,0.87,5,762,0.2027,0.4191
BILLIONAIRE + HIGH_STEAM,0.26,0.85,24,6733,0.9728,3.7027
NEURODIVERGENT_DISABILITY + NEW_ADULT,0.47,0.84,5,789,0.2027,0.4339
PARANORMAL_ROMANCE + SCI_FI_ROMANCE,0.26,0.84,25,7159,1.0134,3.937
DARK_TRAUMA + REVERSE_HAREM_POLY,0.43,0.83,6,1038,0.2432,0.5708
GHOSTS + HORROR,0.51,0.83,4,574,0.1621,0.3157
DRAGONS + MYSTERY_THRILLER_SUSPENSE,0.51,0.82,4,581,0.1621,0.3195
AGE_GAP + FORBIDDEN_TABOO,0.51,0.82,4,576,0.1621,0.3168
TIME_TRAVEL + YOUNG_ADULT,0.58,0.81,3,379,0.1216,0.2084
CONTEMPORARY_ROMANCE + YOUNG_ADULT,0.21,0.8,45,15955,1.8241,8.7742
COWBOY_WESTERN + INSPIRATIONAL_CHRISTIAN,0.57,0.8,3,385,0.1216,0.2117
FOUND_FAMILY + SECOND_CHANCE,0.31,0.79,12,2886,0.4864,1.5871
NEW_ADULT + YOUNG_ADULT,0.22,0.79,39,13341,1.5809,7.3367
SCI_FI_ROMANCE + WITCHES_MAGIC,0.33,0.78,10,2253,0.4054,1.239
FRIENDS_TO_LOVERS + SHIFTER_WEREWOLF,0.48,0.77,4,619,0.1621,0.3404
MILITARY_WAR + PARANORMAL_ROMANCE,0.48,0.77,4,620,0.1621,0.341
DARK_TRAUMA + SECOND_CHANCE,0.35,0.77,8,1692,0.3243,0.9305
DARK_TRAUMA + MYSTERY_THRILLER_SUSPENSE,0.24,0.77,23,7013,0.9323,3.8567
MEDICAL + MYSTERY_THRILLER_SUSPENSE,0.54,0.75,3,408,0.1216,0.2244
FAE_ELVES + YOUNG_ADULT,0.53,0.74,3,414,0.1216,0.2277
HIGH_STEAM + ROYALTY,0.38,0.74,6,1158,0.2432,0.6368
DARK_ROMANCE + FOUND_FAMILY,0.37,0.73,6,1184,0.2432,0.6511
DARK_ROMANCE + MUSICIANS,0.53,0.73,3,420,0.1216,0.231
CONTEMPORARY_ROMANCE + NERD_GEEK,0.52,0.72,3,423,0.1216,0.2326
FANTASY_ROMANCE + HIGH_STEAM,0.19,0.71,39,14881,1.5809,8.1836
HOLIDAY + MYSTERY_THRILLER_SUSPENSE,0.39,0.69,5,956,0.2027,0.5257
CONTEMPORARY_ROMANCE + PETS_ANIMALS,0.35,0.68,6,1260,0.2432,0.6929
FIREFIGHTER_FIRST_RESPONDER + HIGH_STEAM,0.49,0.68,3,454,0.1216,0.2497
ANGSTY_GRIEF + FORBIDDEN_TABOO,0.38,0.68,5,969,0.2027,0.5329
FANTASY_ROMANCE + MONSTER_ALIEN,0.3,0.67,8,1939,0.3243,1.0663
ACTION_ADVENTURE + MYSTERY_THRILLER_SUSPENSE,0.19,0.67,32,12363,1.2971,6.7989
DARK_ROMANCE + HISTORICAL_ROMANCE,0.35,0.67,6,1279,0.2432,0.7034
CONTEMPORARY_ROMANCE + FANTASY_ROMANCE,0.21,0.67,24,8466,0.9728,4.6558
DARK_TRAUMA + HIGH_STEAM,0.2,0.66,28,10515,1.135,5.7826
MYSTERY_THRILLER_SUSPENSE + NEW_ADULT,0.2,0.66,25,9076,1.0134,4.9912
ROYALTY + YOUNG_ADULT,0.41,0.66,4,718,0.1621,0.3949
HIGH_STEAM + MARRIAGE_OF_CONVENIENCE,0.34,0.65,6,1315,0.2432,0.7232
DEMONS_ANGELS + ROM_COM,0.36,0.64,5,1038,0.2027,0.5708
FRIENDS_TO_LOVERS + YOUNG_ADULT,0.24,0.64,14,4355,0.5675,2.395
FOUND_FAMILY + WORKPLACE,0.46,0.63,3,484,0.1216,0.2662
FOUND_FAMILY + MYSTERY_THRILLER_SUSPENSE,0.21,0.63,19,6668,0.7702,3.667
REVERSE_HAREM_POLY + SHIFTER_WEREWOLF,0.32,0.63,6,1376,0.2432,0.7567
NEW_ADULT + WORKPLACE,0.32,0.62,6,1384,0.2432,0.7611
HISTORICAL_ROMANCE + MARRIAGE_OF_CONVENIENCE,0.27,0.62,9,2480,0.3648,1.3638
DARK_ROMANCE + SCI_FI_ROMANCE,0.35,0.62,5,1062,0.2027,0.584
CONTEMPORARY_ROMANCE + TIME_TRAVEL,0.39,0.62,4,764,0.1621,0.4202
MYSTERY_THRILLER_SUSPENSE + WORKPLACE,0.43,0.6,3,512,0.1216,0.2816
HIGH_STEAM + MUSICIANS,0.26,0.6,9,2528,0.3648,1.3902
DRAGONS + FAE_ELVES,0.42,0.59,3,521,0.1216,0.2865
BILLIONAIRE + FORBIDDEN_TABOO,0.43,0.59,3,519,0.1216,0.2854
HORROR + WITCHES_MAGIC,0.36,0.58,4,812,0.1621,0.4465
FANTASY_ROMANCE + TIME_TRAVEL,0.28,0.58,7,1859,0.2837,1.0223
DARK_ROMANCE + YOUNG_ADULT,0.26,0.58,8,2245,0.3243,1.2346
ACADEMIA_SCHOOL + DARK_TRAUMA,0.26,0.57,8,2284,0.3243,1.2561
DARK_ROMANCE + WITCHES_MAGIC,0.32,0.57,5,1159,0.2027,0.6374
FOUND_FAMILY + SMALL_TOWN,0.23,0.57,11,3547,0.4459,1.9506
ACTION_ADVENTURE + DARK_ROMANCE,0.24,0.56,9,2732,0.3648,1.5024
ACTION_ADVENTURE + ENEMIES_TO_LOVERS,0.29,0.56,6,1547,0.2432,0.8508
CELEBRITY + FRIENDS_TO_LOVERS,0.31,0.56,5,1179,0.2027,0.6484
DARK_ROMANCE + HORROR,0.35,0.56,4,845,0.1621,0.4647
FAE_ELVES + MYSTERY_THRILLER_SUSPENSE,0.34,0.55,4,863,0.1621,0.4746
MONSTER_ALIEN + PARANORMAL_ROMANCE,0.26,0.54,7,1974,0.2837,1.0856
MUSICIANS + YOUNG_ADULT,0.26,0.54,7,1971,0.2837,1.0839
BILLIONAIRE + SECOND_CHANCE,0.33,0.53,4,892,0.1621,0.4905
NEW_ADULT + ROYALTY,0.38,0.52,3,585,0.1216,0.3217
PETS_ANIMALS + ROM_COM,0.38,0.52,3,589,0.1216,0.3239
FOUND_FAMILY + SCI_FI_ROMANCE,0.37,0.51,3,597,0.1216,0.3283
DEMONS_ANGELS + SHIFTER_WEREWOLF,0.22,0.5,9,3064,0.3648,1.685
ACTION_ADVENTURE + SECOND_CHANCE,0.31,0.5,4,943,0.1621,0.5186
HOLIDAY + NEW_ADULT,0.36,0.5,3,618,0.1216,0.3399
MARRIAGE_IN_TROUBLE + SECOND_CHANCE,0.35,0.49,3,628,0.1216,0.3454
HISTORICAL_ROMANCE + SCI_FI_ROMANCE,0.27,0.48,5,1377,0.2027,0.7573
DARK_TRAUMA + FANTASY_ROMANCE,0.22,0.48,8,2678,0.3243,1.4727
MUSICIANS + NEW_ADULT,0.21,0.47,9,3233,0.3648,1.7779
DARK_TRAUMA + ROM_COM,0.29,0.47,4,1010,0.1621,0.5554
ANGSTY_GRIEF + NEW_ADULT,0.16,0.47,18,8238,0.7296,4.5304
HIGH_STEAM + NEW_ADULT,0.13,0.46,34,19403,1.3782,10.6704
FORBIDDEN_TABOO + NEW_ADULT,0.23,0.46,6,1882,0.2432,1.035
ACTION_ADVENTURE + ROM_COM,0.21,0.46,8,2832,0.3243,1.5574
HISTORICAL_ROMANCE + VAMPIRES,0.32,0.45,3,686,0.1216,0.3773
SHIFTER_WEREWOLF + YOUNG_ADULT,0.28,0.45,4,1056,0.1621,0.5807
FANTASY_ROMANCE + NEW_ADULT,0.18,0.44,10,4029,0.4054,2.2157
HISTORICAL_ROMANCE + SHIFTER_WEREWOLF,0.32,0.44,3,701,0.1216,0.3855
FOUND_FAMILY + SEASONAL_SUMMER_BEACH,0.27,0.43,4,1106,0.1621,0.6082
CONTEMPORARY_ROMANCE + HISTORICAL_ROMANCE,0.19,0.43,9,3541,0.3648,1.9473
HIGH_STEAM + MEDICAL,0.31,0.43,3,714,0.1216,0.3927
HIGH_STEAM + MONSTER_ALIEN,0.23,0.41,5,1623,0.2027,0.8925
MYSTERY_THRILLER_SUSPENSE + YOUNG_ADULT,0.17,0.41,11,4864,0.4459,2.6749
DARK_TRAUMA + SPORTS_GENERAL,0.25,0.4,4,1198,0.1621,0.6588
HIGH_STEAM + PARANORMAL_ROMANCE,0.12,0.39,26,15997,1.0539,8.7973
SEASONAL_SUMMER_BEACH + YOUNG_ADULT,0.24,0.39,4,1209,0.1621,0.6649
NEW_ADULT + WITCHES_MAGIC,0.2,0.36,5,1852,0.2027,1.0185
MYSTERY_THRILLER_SUSPENSE + SCI_FI_ROMANCE,0.16,0.36,8,3649,0.3243,2.0067
SCI_FI_ROMANCE + TIME_TRAVEL,0.25,0.35,3,876,0.1216,0.4817
FOUND_FAMILY + ROM_COM,0.14,0.35,12,6541,0.4864,3.5971
VAMPIRES + YOUNG_ADULT,0.21,0.34,4,1398,0.1621,0.7688
ENEMIES_TO_LOVERS + FOUND_FAMILY,0.19,0.34,5,1932,0.2027,1.0625
FAE_ELVES + VAMPIRES,0.2,0.33,4,1447,0.1621,0.7958
HISTORICAL_ROMANCE + SECOND_CHANCE,0.24,0.33,3,924,0.1216,0.5081
TIME_TRAVEL + WITCHES_MAGIC,0.24,0.33,3,930,0.1216,0.5114
DARK_TRAUMA + PARANORMAL_ROMANCE,0.16,0.32,6,2712,0.2432,1.4914
CELEBRITY + MUSICIANS,0.16,0.32,6,2690,0.2432,1.4793
DARK_TRAUMA + FOUND_FAMILY,0.15,0.32,7,3338,0.2837,1.8357
SPORTS_GENERAL + SPORTS_MMA_FIGHTING,0.23,0.32,3,973,0.1216,0.5351
NEW_ADULT + PARANORMAL_ROMANCE,0.15,0.32,8,4026,0.3243,2.214
DEMONS_ANGELS + MYSTERY_THRILLER_SUSPENSE,0.16,0.31,6,2792,0.2432,1.5354
AGE_GAP + CONTEMPORARY_ROMANCE,0.16,0.31,6,2748,0.2432,1.5112
HIGH_STEAM + SCI_FI_ROMANCE,0.13,0.31,9,4916,0.3648,2.7035
ROM_COM + SHIFTER_WEREWOLF,0.19,0.3,4,1583,0.1621,0.8706
ANGSTY_GRIEF + DARK_ROMANCE,0.14,0.3,7,3567,0.2837,1.9616
HISTORICAL_ROMANCE + INSPIRATIONAL_CHRISTIAN,0.19,0.3,4,1582,0.1621,0.87
ACTION_ADVENTURE + YOUNG_ADULT,0.15,0.29,6,2934,0.2432,1.6135
FOUND_FAMILY + YOUNG_ADULT,0.11,0.28,11,7091,0.4459,3.8996
FOUND_FAMILY + WITCHES_MAGIC,0.2,0.28,3,1085,0.1216,0.5967
HISTORICAL_ROMANCE + ROM_COM,0.16,0.28,5,2375,0.2027,1.3061
AGE_GAP + FRIENDS_TO_LOVERS,0.2,0.28,3,1081,0.1216,0.5945
AGE_GAP + HIGH_STEAM,0.14,0.27,6,3209,0.2432,1.7647
DARK_ROMANCE + VAMPIRES,0.19,0.26,3,1158,0.1216,0.6368
CONTEMPORARY_ROMANCE + MARRIAGE_IN_TROUBLE,0.14,0.26,5,2566,0.2027,1.4111
DARK_TRAUMA + MAFIA_CARTEL_CRIME,0.19,0.26,3,1189,0.1216,0.6539
ANGSTY_GRIEF + DARK_TRAUMA,0.12,0.25,7,4358,0.2837,2.3966
CELEBRITY + NEW_ADULT,0.13,0.25,6,3494,0.2432,1.9215
ACADEMIA_SCHOOL + FOUND_FAMILY,0.16,0.25,4,1881,0.1621,1.0344
ACTION_ADVENTURE + CONTEMPORARY_ROMANCE,0.09,0.24,12,9559,0.4864,5.2568
SCI_FI_ROMANCE + VAMPIRES,0.17,0.24,3,1303,0.1216,0.7166
CONTEMPORARY_ROMANCE + INSPIRATIONAL_CHRISTIAN,0.12,0.24,6,3574,0.2432,1.9655
ACTION_ADVENTURE + DARK_TRAUMA,0.13,0.24,5,2780,0.2027,1.5288
CONTEMPORARY_ROMANCE + SPORTS_MMA_FIGHTING,0.17,0.23,3,1335,0.1216,0.7342
DARK_TRAUMA + SHIFTER_WEREWOLF,0.17,0.23,3,1337,0.1216,0.7353
ROM_COM + YOUNG_ADULT,0.11,0.23,7,4674,0.2837,2.5704
CONTEMPORARY_ROMANCE + PARANORMAL_ROMANCE,0.09,0.22,11,9057,0.4459,4.9808
DARK_TRAUMA + NEW_ADULT,0.09,0.22,10,7914,0.4054,4.3522
DEMONS_ANGELS + HIGH_STEAM,0.11,0.22,6,3916,0.2432,2.1536
MYSTERY_THRILLER_SUSPENSE + VAMPIRES,0.11,0.21,6,4095,0.2432,2.252
ACTION_ADVENTURE + FANTASY_ROMANCE,0.08,0.2,10,8970,0.4054,4.9329
ANGSTY_GRIEF + MYSTERY_THRILLER_SUSPENSE,0.1,0.2,6,4260,0.2432,2.3427
FOUND_FAMILY + PARANORMAL_ROMANCE,0.12,0.19,4,2557,0.1621,1.4062
ACTION_ADVENTURE + HISTORICAL_ROMANCE,0.1,0.18,5,3754,0.2027,2.0645
FOUND_FAMILY + HIGH_STEAM,0.08,0.18,9,8554,0.3648,4.7042
ACTION_ADVENTURE + SCI_FI_ROMANCE,0.1,0.18,5,3690,0.2027,2.0293
HIGH_STEAM + SHIFTER_WEREWOLF,0.08,0.17,8,7690,0.3243,4.229
PARANORMAL_ROMANCE + TIME_TRAVEL,0.12,0.17,3,1775,0.1216,0.9761
ACTION_ADVENTURE + WITCHES_MAGIC,0.08,0.15,5,4548,0.2027,2.5011
HIGH_STEAM + HISTORICAL_ROMANCE,0.07,0.14,6,6193,0.2432,3.4058
MONSTER_ALIEN + SCI_FI_ROMANCE,0.1,0.14,3,2212,0.1216,1.2165
ANGSTY_GRIEF + HIGH_STEAM,0.07,0.14,6,6342,0.2432,3.4877
SCI_FI_ROMANCE + SHIFTER_WEREWOLF,0.1,0.14,3,2147,0.1216,1.1807
HIGH_STEAM + WITCHES_MAGIC,0.07,0.14,6,6257,0.2432,3.441
DEMONS_ANGELS + VAMPIRES,0.08,0.13,4,3754,0.1621,2.0645
BILLIONAIRE + MYSTERY_THRILLER_SUSPENSE,0.1,0.13,3,2281,0.1216,1.2544
ANGSTY_GRIEF + FOUND_FAMILY,0.08,0.12,4,3902,0.1621,2.1459
HIGH_STEAM + VAMPIRES,0.06,0.11,5,5866,0.2027,3.2259
ACTION_ADVENTURE + FOUND_FAMILY,0.08,0.11,3,2715,0.1216,1.4931
LAW_ENFORCEMENT + MYSTERY_THRILLER_SUSPENSE,0.08,0.11,3,2905,0.1216,1.5976
ANGSTY_GRIEF + YOUNG_ADULT,0.06,0.09,4,5213,0.1621,2.8668
ACTION_ADVENTURE + HIGH_STEAM,0.04,0.07,5,9251,0.2027,5.0875
BILLIONAIRE + NEW_ADULT,0.05,0.06,3,4830,0.1216,2.6562
FOUND_FAMILY + NEW_ADULT,0.04,0.06,4,7348,0.1621,4.0409
