stack,trend_lift,weighted_score,epoch3_count,baseline_count,epoch3_share,baseline_share
FORCED_PROXIMITY + SMALL_TOWN,999.99,3433.95,30,5,4.9587,0.0027
FORCED_PROXIMITY + WORKPLACE,951.77,2851.26,19,6,3.1405,0.0033
HE_FALLS_FIRST + SPORTS_GENERAL,999.99,2708.02,14,0,2.314,0.0
CONTEMPORARY_ROMANCE + HE_FALLS_FIRST,999.99,2639.03,13,2,2.1488,0.0011
FAKE_DATING + FORCED_PROXIMITY,999.99,2564.92,12,0,1.9835,0.0
FORCED_PROXIMITY + WITCHES_MAGIC,999.99,2484.88,11,3,1.8182,0.0016
FOUND_FAMILY + HE_FALLS_FIRST,999.99,2484.88,11,1,1.8182,0.0005
HE_FALLS_FIRST + SMALL_TOWN,999.99,2397.87,10,0,1.6529,0.0
FORCED_PROXIMITY + HE_FALLS_FIRST,999.99,2397.87,10,0,1.6529,0.0
FRIENDS_TO_LOVERS + HE_FALLS_FIRST,999.99,2397.87,10,1,1.6529,0.0005
ACCIDENTAL_PREGNANCY + CONTEMPORARY_ROMANCE,999.99,1945.89,6,0,0.9917,0.0
COWBOY_WESTERN + FORCED_PROXIMITY,999.99,1945.89,6,0,0.9917,0.0
HE_FALLS_FIRST + SPORTS_HOCKEY,999.99,1945.89,6,0,0.9917,0.0
FORCED_PROXIMITY + SEASONAL_SUMMER_BEACH,999.99,1791.74,5,1,0.8264,0.0005
ENEMIES_TO_LOVERS + HE_FALLS_FIRST,999.99,1791.74,5,0,0.8264,0.0
FORCED_PROXIMITY + MARRIAGE_OF_CONVENIENCE,999.99,1791.74,5,1,0.8264,0.0005
FORCED_PROXIMITY + SPORTS_HOCKEY,801.49,1761.06,8,3,1.3223,0.0016
FORCED_PROXIMITY + SECOND_CHANCE,531.76,1689.96,23,13,3.8017,0.0071
FAKE_DATING + SPORTS_HOCKEY,999.99,1609.42,4,0,0.6612,0.0
ACCIDENTAL_PREGNANCY + SMALL_TOWN,999.99,1609.42,4,0,0.6612,0.0
HE_FALLS_FIRST + SECOND_CHANCE,999.99,1609.42,4,0,0.6612,0.0
HE_FALLS_FIRST + SPORTS_BASEBALL,999.99,1609.42,4,0,0.6612,0.0
FAE_ELVES + FORCED_PROXIMITY,999.99,1609.42,4,0,0.6612,0.0
HE_FALLS_FIRST + WORKPLACE,999.99,1609.42,4,0,0.6612,0.0
HE_FALLS_FIRST + SLOW_BURN,999.99,1386.28,3,0,0.4959,0.0
ACCIDENTAL_PREGNANCY + FRIENDS_TO_LOVERS,999.99,1386.28,3,0,0.4959,0.0
ACCIDENTAL_PREGNANCY + FORCED_PROXIMITY,999.99,1386.28,3,0,0.4959,0.0
ACCIDENTAL_PREGNANCY + SPORTS_GENERAL,999.99,1386.28,3,0,0.4959,0.0
FANTASY_ROMANCE + FORCED_PROXIMITY,480.9,1362.48,16,10,2.6446,0.0055
FORCED_PROXIMITY + PARANORMAL_ROMANCE,437.18,1238.62,16,11,2.6446,0.006
FORCED_PROXIMITY + HOLIDAY,525.98,1093.75,7,4,1.157,0.0022
FORCED_PROXIMITY + SLOW_BURN,330.62,1036.65,22,20,3.6364,0.011
FIREFIGHTER_FIRST_RESPONDER + FORCED_PROXIMITY,601.12,967.47,4,2,0.6612,0.0011
ENEMIES_TO_LOVERS + FORCED_PROXIMITY,251.49,939.98,41,49,6.7769,0.0269
MARRIAGE_OF_CONVENIENCE + SPORTS_HOCKEY,450.84,877.3,6,4,0.9917,0.0022
FAIRY_TALE_RETELLING + FORCED_PROXIMITY,450.84,625.0,3,2,0.4959,0.0011
COWBOY_WESTERN + WORKPLACE,450.84,625.0,3,2,0.4959,0.0011
FAKE_DATING + NEURODIVERGENT_DISABILITY,450.84,625.0,3,2,0.4959,0.0011
FAKE_DATING + SECOND_CHANCE,300.56,584.86,6,6,0.9917,0.0033
FAKE_DATING + SMALL_TOWN,300.56,584.86,6,6,0.9917,0.0033
DARK_ROMANCE + FORCED_PROXIMITY,245.91,566.24,9,11,1.4876,0.006
ENEMIES_TO_LOVERS + FAKE_DATING,220.41,547.7,11,15,1.8182,0.0082
FORCED_PROXIMITY + FOUND_FAMILY,163.35,532.2,25,46,4.1322,0.0253
CONTEMPORARY_ROMANCE + FORCED_PROXIMITY,120.22,531.25,82,205,13.5537,0.1127
FORCED_PROXIMITY + SPORTS_GENERAL,157.79,487.75,21,40,3.4711,0.022
CLEAN_SWEET + DRAGONS,300.56,483.73,4,4,0.6612,0.0022
FORCED_PROXIMITY + SPORTS_BASEBALL,250.47,448.78,5,6,0.8264,0.0033
FAKE_DATING + HOLIDAY,300.56,416.67,3,3,0.4959,0.0016
CONTEMPORARY_ROMANCE + FAKE_DATING,118.74,415.17,32,81,5.2893,0.0445
FAKE_DATING + SPORTS_GENERAL,169.07,389.29,9,16,1.4876,0.0088
FORCED_PROXIMITY + ROM_COM,100.19,330.2,26,78,4.2975,0.0429
FAKE_DATING + FRIENDS_TO_LOVERS,132.25,328.62,11,25,1.8182,0.0137
FORCED_PROXIMITY + SPORTS_FOOTBALL,200.37,322.49,4,6,0.6612,0.0033
FAKE_DATING + ROM_COM,114.01,283.29,11,29,1.8182,0.0159
BILLIONAIRE + FORCED_PROXIMITY,112.71,219.32,6,16,0.9917,0.0088
CELEBRITY + FORCED_PROXIMITY,150.28,208.33,3,6,0.4959,0.0033
FORCED_PROXIMITY + REVERSE_HAREM_POLY,150.28,208.33,3,6,0.4959,0.0033
CLEAN_SWEET + FANTASY_ROMANCE,57.91,178.99,21,109,3.4711,0.0599
CLEAN_SWEET + INSPIRATIONAL_CHRISTIAN,77.92,162.04,7,27,1.157,0.0148
COWBOY_WESTERN + ENEMIES_TO_LOVERS,77.92,162.04,7,27,1.157,0.0148
FORCED_PROXIMITY + FRIENDS_TO_LOVERS,43.98,141.58,24,164,3.9669,0.0902
DARK_ROMANCE + SPORTS_HOCKEY,100.19,138.89,3,9,0.4959,0.0049
FORCED_PROXIMITY + MYSTERY_THRILLER_SUSPENSE,63.76,132.58,7,33,1.157,0.0181
CLEAN_SWEET + HISTORICAL_ROMANCE,61.88,128.68,7,34,1.157,0.0187
CLEAN_SWEET + YOUNG_ADULT,71.56,128.22,5,21,0.8264,0.0115
CLEAN_SWEET + REP_QUEER_GENERAL,90.17,125.0,3,10,0.4959,0.0055
CLEAN_SWEET + PARANORMAL_ROMANCE,40.75,115.46,16,118,2.6446,0.0649
FORBIDDEN_TABOO + FORCED_PROXIMITY,81.97,113.64,3,11,0.4959,0.006
BILLIONAIRE + FAKE_DATING,75.14,104.17,3,12,0.4959,0.0066
CLEAN_SWEET + WITCHES_MAGIC,41.74,100.1,10,72,1.6529,0.0396
DRAGONS + ENEMIES_TO_LOVERS,36.07,100.0,15,125,2.4793,0.0687
FORCED_PROXIMITY + HIGH_STEAM,31.16,90.05,17,164,2.8099,0.0902
ENEMIES_TO_LOVERS + FAE_ELVES,27.32,83.19,20,220,3.3058,0.121
ENEMIES_TO_LOVERS + SPORTS_BASEBALL,50.09,80.62,4,24,0.6612,0.0132
FAKE_DATING + HIGH_STEAM,50.09,80.62,4,24,0.6612,0.0132
ENEMIES_TO_LOVERS + SPORTS_HOCKEY,31.45,72.43,9,86,1.4876,0.0473
SLOW_BURN + WORKPLACE,30.39,69.98,9,89,1.4876,0.0489
HOLIDAY + REP_CULTURAL_IDENTITY,47.46,65.79,3,19,0.4959,0.0104
ENEMIES_TO_LOVERS + WITCHES_MAGIC,15.86,59.65,42,796,6.9421,0.4377
SMALL_TOWN + WORKPLACE,26.14,57.43,8,92,1.3223,0.0506
SLOW_BURN + WITCHES_MAGIC,24.82,57.14,9,109,1.4876,0.0599
PARANORMAL_ROMANCE + SLOW_BURN,19.95,56.53,16,241,2.6446,0.1325
MARRIAGE_OF_CONVENIENCE + SPORTS_GENERAL,28.62,55.7,6,63,0.9917,0.0346
ENEMIES_TO_LOVERS + PARANORMAL_ROMANCE,13.02,54.37,64,1477,10.5785,0.8123
ACADEMIA_SCHOOL + DRAGONS,36.07,50.0,3,25,0.4959,0.0137
ENEMIES_TO_LOVERS + SLOW_BURN,15.98,49.39,21,395,3.4711,0.2172
DARK_ROMANCE + FAE_ELVES,20.59,49.36,10,146,1.6529,0.0803
FAE_ELVES + FAIRY_TALE_RETELLING,26.84,48.08,5,56,0.8264,0.0308
ENEMIES_TO_LOVERS + FANTASY_ROMANCE,11.42,47.5,63,1658,10.4132,0.9118
FAIRY_TALE_RETELLING + REP_QUEER_GENERAL,28.62,46.07,4,42,0.6612,0.0231
HISTORICAL_ROMANCE + REP_FF,20.21,44.4,8,119,1.3223,0.0654
FANTASY_ROMANCE + SLOW_BURN,15.46,43.81,16,311,2.6446,0.171
SLOW_BURN + SMALL_TOWN,18.92,43.56,9,143,1.4876,0.0786
FAKE_DATING + FOUND_FAMILY,31.09,43.1,3,29,0.4959,0.0159
ENEMIES_TO_LOVERS + SMALL_TOWN,14.28,42.77,19,400,3.1405,0.22
COWBOY_WESTERN + SMALL_TOWN,15.3,41.44,14,275,2.314,0.1512
SPORTS_GENERAL + SPORTS_HOCKEY,10.11,35.36,32,951,5.2893,0.523
SMALL_TOWN + SPORTS_BASEBALL,25.05,34.72,3,36,0.4959,0.0198
COWBOY_WESTERN + SECOND_CHANCE,19.27,34.52,5,78,0.8264,0.0429
ACADEMIA_SCHOOL + FANTASY_ROMANCE,9.77,28.75,18,554,2.9752,0.3047
DARK_ROMANCE + DRAGONS,14.31,27.85,6,126,0.9917,0.0693
FANTASY_ROMANCE + REP_FF,11.56,27.72,10,260,1.6529,0.143
REP_FF + YOUNG_ADULT,12.14,26.68,8,198,1.3223,0.1089
DARK_TRAUMA + FORCED_PROXIMITY,19.18,26.6,3,47,0.4959,0.0258
REP_FF + WITCHES_MAGIC,17.68,24.51,3,51,0.4959,0.028
DRAGONS + FAE_ELVES,8.65,23.99,15,521,2.4793,0.2865
ACADEMIA_SCHOOL + PARANORMAL_ROMANCE,8.41,23.82,16,572,2.6446,0.3146
DARK_ROMANCE + ENEMIES_TO_LOVERS,7.12,23.74,27,1139,4.4628,0.6264
COWBOY_WESTERN + FRIENDS_TO_LOVERS,14.66,23.6,4,82,0.6612,0.0451
BILLIONAIRE + SLOW_BURN,14.48,23.31,4,83,0.6612,0.0456
ENEMIES_TO_LOVERS + SPORTS_GENERAL,7.73,22.34,17,661,2.8099,0.3635
FORCED_PROXIMITY + REP_QUEER_GENERAL,16.1,22.32,3,56,0.4959,0.0308
FRIENDS_TO_LOVERS + SEASONAL_SUMMER_BEACH,12.42,22.25,5,121,0.8264,0.0665
SECOND_CHANCE + SPORTS_BASEBALL,13.51,21.74,4,89,0.6612,0.0489
DRAGONS + FANTASY_ROMANCE,5.92,21.69,38,1929,6.281,1.0608
SMALL_TOWN + SPORTS_GENERAL,8.41,21.56,12,429,1.9835,0.2359
DRAGONS + PARANORMAL_ROMANCE,5.74,21.03,38,1990,6.281,1.0944
FRIENDS_TO_LOVERS + SPORTS_HOCKEY,8.84,19.42,8,272,1.3223,0.1496
FAIRY_TALE_RETELLING + PARANORMAL_ROMANCE,7.89,18.92,10,381,1.6529,0.2095
REP_FF + REP_QUEER_GENERAL,5.49,18.5,28,1532,4.6281,0.8425
CONTEMPORARY_ROMANCE + SPORTS_HOCKEY,6.26,18.44,18,864,2.9752,0.4751
FAIRY_TALE_RETELLING + FANTASY_ROMANCE,6.57,17.8,14,640,2.314,0.352
CONTEMPORARY_ROMANCE + SLOW_BURN,5.38,17.08,23,1286,3.8017,0.7072
SEASONAL_SUMMER_BEACH + SECOND_CHANCE,12.02,16.67,3,75,0.4959,0.0412
ACADEMIA_SCHOOL + FORCED_PROXIMITY,10.28,16.54,4,117,0.6612,0.0643
FRIENDS_TO_LOVERS + SMALL_TOWN,5.25,16.45,22,1260,3.6364,0.6929
ENEMIES_TO_LOVERS + WORKPLACE,6.83,16.38,10,440,1.6529,0.242
ACADEMIA_SCHOOL + HISTORICAL_ROMANCE,11.56,16.03,3,78,0.4959,0.0429
FRIENDS_TO_LOVERS + SPORTS_BASEBALL,9.77,15.73,4,123,0.6612,0.0676
DARK_ROMANCE + SLOW_BURN,7.54,15.68,7,279,1.157,0.1534
ACADEMIA_SCHOOL + ENEMIES_TO_LOVERS,5.92,15.62,13,660,2.1488,0.363
CONTEMPORARY_ROMANCE + ENEMIES_TO_LOVERS,3.69,14.99,57,4641,9.4215,2.5523
FOUND_FAMILY + SPORTS_HOCKEY,7.67,14.93,6,235,0.9917,0.1292
FAE_ELVES + FANTASY_ROMANCE,4.07,14.71,36,2656,5.9504,1.4606
CONTEMPORARY_ROMANCE + COWBOY_WESTERN,5.39,14.61,14,780,2.314,0.429
DARK_ROMANCE + FANTASY_ROMANCE,3.93,14.4,38,2905,6.281,1.5976
FAE_ELVES + PARANORMAL_ROMANCE,3.99,14.39,36,2715,5.9504,1.4931
HOLIDAY + WORKPLACE,10.13,14.04,3,89,0.4959,0.0489
FANTASY_ROMANCE + WITCHES_MAGIC,2.88,13.83,120,12505,19.8347,6.877
DRAGONS + YOUNG_ADULT,7.67,13.74,5,196,0.8264,0.1078
PARANORMAL_ROMANCE + REP_FF,7.67,13.74,5,196,0.8264,0.1078
DARK_ROMANCE + PARANORMAL_ROMANCE,3.78,13.65,36,2862,5.9504,1.5739
FRIENDS_TO_LOVERS + WORKPLACE,5.68,13.62,10,529,1.6529,0.2909
DEMONS_ANGELS + FAIRY_TALE_RETELLING,8.41,13.53,4,143,0.6612,0.0786
ACADEMIA_SCHOOL + WITCHES_MAGIC,6.83,13.29,6,264,0.9917,0.1452
ENEMIES_TO_LOVERS + REVERSE_HAREM_POLY,7.23,12.95,5,208,0.8264,0.1144
FANTASY_ROMANCE + YOUNG_ADULT,3.13,12.87,60,5759,9.9174,3.1671
FANTASY_ROMANCE + PARANORMAL_ROMANCE,2.37,12.75,215,27247,35.5372,14.9841
SPORTS_BASEBALL + SPORTS_GENERAL,5.44,12.53,9,497,1.4876,0.2733
FOUND_FAMILY + SLOW_BURN,5.2,12.47,10,578,1.6529,0.3179
FRIENDS_TO_LOVERS + SPORTS_GENERAL,3.75,12.37,26,2082,4.2975,1.145
ENEMIES_TO_LOVERS + SECOND_CHANCE,4.48,12.12,14,940,2.314,0.5169
PARANORMAL_ROMANCE + WITCHES_MAGIC,2.57,12.08,109,12744,18.0165,7.0084
SMALL_TOWN + SPORTS_FOOTBALL,8.51,11.79,3,106,0.4959,0.0583
WITCHES_MAGIC + YOUNG_ADULT,3.45,11.75,29,2524,4.7934,1.388
FAE_ELVES + WITCHES_MAGIC,3.53,11.75,27,2301,4.4628,1.2654
ACADEMIA_SCHOOL + SPORTS_HOCKEY,6.51,11.66,5,231,0.8264,0.127
PARANORMAL_ROMANCE + YOUNG_ADULT,2.97,11.63,49,4952,8.0992,2.7233
FIREFIGHTER_FIRST_RESPONDER + SECOND_CHANCE,8.2,11.36,3,110,0.4959,0.0605
DARK_ROMANCE + FAIRY_TALE_RETELLING,7.98,11.06,3,113,0.4959,0.0621
CONTEMPORARY_ROMANCE + WORKPLACE,3.25,11.05,29,2682,4.7934,1.4749
SLOW_BURN + SPORTS_GENERAL,6.46,10.4,4,186,0.6612,0.1023
CONTEMPORARY_ROMANCE + SMALL_TOWN,2.51,10.08,55,6599,9.0909,3.629
FANTASY_ROMANCE + REP_QUEER_GENERAL,2.85,10.04,33,3482,5.4545,1.9149
MARRIAGE_OF_CONVENIENCE + PARANORMAL_ROMANCE,7.21,10.0,3,125,0.4959,0.0687
FIREFIGHTER_FIRST_RESPONDER + FRIENDS_TO_LOVERS,6.07,9.77,4,198,0.6612,0.1089
DRAGONS + WITCHES_MAGIC,3.37,9.54,16,1428,2.6446,0.7853
REP_QUEER_GENERAL + YOUNG_ADULT,3.13,9.54,20,1919,3.3058,1.0553
ENEMIES_TO_LOVERS + YOUNG_ADULT,3.52,9.53,14,1196,2.314,0.6577
SECOND_CHANCE + SLOW_BURN,5.89,9.48,4,204,0.6612,0.1122
CONTEMPORARY_ROMANCE + SPORTS_GENERAL,2.39,9.33,49,6175,8.0992,3.3959
FOUND_FAMILY + WORKPLACE,4.35,9.04,7,484,1.157,0.2662
FRIENDS_TO_LOVERS + SPORTS_FOOTBALL,4.64,9.02,6,389,0.9917,0.2139
FRIENDS_TO_LOVERS + SLOW_BURN,3.6,8.95,11,918,1.8182,0.5048
DARK_ROMANCE + WITCHES_MAGIC,3.37,8.9,13,1159,2.1488,0.6374
ENEMIES_TO_LOVERS + ROM_COM,2.96,8.87,19,1929,3.1405,1.0608
SPORTS_GENERAL + WORKPLACE,6.39,8.87,3,141,0.4959,0.0775
ROM_COM + SMALL_TOWN,3.03,8.77,17,1684,2.8099,0.9261
HISTORICAL_ROMANCE + REP_QUEER_GENERAL,3.23,8.75,14,1303,2.314,0.7166
FAIRY_TALE_RETELLING + WITCHES_MAGIC,4.8,8.6,5,313,0.8264,0.1721
FOUND_FAMILY + SPORTS_GENERAL,2.89,8.5,18,1875,2.9752,1.0311
ENEMIES_TO_LOVERS + MAFIA_CARTEL_CRIME,4.38,7.85,5,343,0.8264,0.1886
CONTEMPORARY_ROMANCE + SPORTS_FOOTBALL,3.14,7.8,11,1053,1.8182,0.5791
SECOND_CHANCE + SMALL_TOWN,3.02,7.74,12,1196,1.9835,0.6577
FORBIDDEN_TABOO + SPORTS_GENERAL,5.53,7.67,3,163,0.4959,0.0896
SECOND_CHANCE + SPORTS_GENERAL,3.14,7.53,10,957,1.6529,0.5263
SECOND_CHANCE + WORKPLACE,4.64,7.47,4,259,0.6612,0.1424
ENEMIES_TO_LOVERS + HOLIDAY,5.37,7.44,3,168,0.4959,0.0924
SPORTS_FOOTBALL + SPORTS_GENERAL,2.95,7.34,11,1120,1.8182,0.6159
ROM_COM + SECOND_CHANCE,2.85,7.32,12,1264,1.9835,0.6951
ACADEMIA_SCHOOL + DARK_ROMANCE,2.85,7.3,12,1267,1.9835,0.6968
FOUND_FAMILY + SMALL_TOWN,2.2,7.26,26,3547,4.2975,1.9506
FOUND_FAMILY + SPORTS_FOOTBALL,4.03,7.22,5,373,0.8264,0.2051
CLEAN_SWEET + MYSTERY_THRILLER_SUSPENSE,4.39,7.06,4,274,0.6612,0.1507
DRAGONS + REP_QUEER_GENERAL,5.09,7.06,3,177,0.4959,0.0973
SECOND_CHANCE + SPORTS_HOCKEY,4.93,6.83,3,183,0.4959,0.1006
ENEMIES_TO_LOVERS + FOUND_FAMILY,2.33,6.47,15,1932,2.4793,1.0625
FANTASY_ROMANCE + HISTORICAL_ROMANCE,1.87,6.44,30,4811,4.9587,2.6457
CONTEMPORARY_ROMANCE + REP_CULTURAL_IDENTITY,3.55,6.37,5,423,0.8264,0.2326
CLEAN_SWEET + ROM_COM,4.58,6.35,3,197,0.4959,0.1083
DEMONS_ANGELS + ENEMIES_TO_LOVERS,3.49,6.25,5,431,0.8264,0.237
PARANORMAL_ROMANCE + REP_QUEER_GENERAL,1.96,6.05,21,3225,3.4711,1.7735
FANTASY_ROMANCE + MONSTER_ALIEN,2.17,5.88,14,1939,2.314,1.0663
CONTEMPORARY_ROMANCE + ROM_COM,1.39,5.78,64,13885,10.5785,7.6359
FRIENDS_TO_LOVERS + MARRIAGE_OF_CONVENIENCE,3.14,5.62,5,479,0.8264,0.2634
CONTEMPORARY_ROMANCE + SPORTS_BASEBALL,3.13,5.61,5,480,0.8264,0.264
DARK_ROMANCE + REVERSE_HAREM_POLY,2.43,5.59,9,1114,1.4876,0.6126
CONTEMPORARY_ROMANCE + FRIENDS_TO_LOVERS,1.35,5.58,62,13826,10.2479,7.6034
HOLIDAY + ROM_COM,2.49,5.48,8,964,1.3223,0.5301
HORROR + REP_QUEER_GENERAL,3.34,5.37,4,360,0.6612,0.198
HOLIDAY + SMALL_TOWN,2.76,5.37,6,653,0.9917,0.3591
BILLIONAIRE + ENEMIES_TO_LOVERS,2.75,5.36,6,655,0.9917,0.3602
MONSTER_ALIEN + WITCHES_MAGIC,3.32,5.35,4,362,0.6612,0.1991
CONTEMPORARY_ROMANCE + HOLIDAY,1.6,5.27,26,4887,4.2975,2.6875
CONTEMPORARY_ROMANCE + SECOND_CHANCE,1.38,5.23,43,9351,7.1074,5.1425
MONSTER_ALIEN + PARANORMAL_ROMANCE,1.98,5.22,13,1974,2.1488,1.0856
FANTASY_ROMANCE + MARRIAGE_OF_CONVENIENCE,3.74,5.19,3,241,0.4959,0.1325
HOLIDAY + WITCHES_MAGIC,3.2,5.15,4,376,0.6612,0.2068
ACADEMIA_SCHOOL + SLOW_BURN,3.71,5.14,3,243,0.4959,0.1336
FORBIDDEN_TABOO + FOUND_FAMILY,3.18,5.12,4,378,0.6612,0.2079
CONTEMPORARY_ROMANCE + REP_FF,3.58,4.96,3,252,0.4959,0.1386
NEURODIVERGENT_DISABILITY + YOUNG_ADULT,2.71,4.86,5,554,0.8264,0.3047
FANTASY_ROMANCE + HOLIDAY,2.33,4.84,7,903,1.157,0.4966
CONTEMPORARY_ROMANCE + SEASONAL_SUMMER_BEACH,2.01,4.82,10,1495,1.6529,0.8222
FRIENDS_TO_LOVERS + SECOND_CHANCE,1.66,4.81,17,3073,2.8099,1.69
ENEMIES_TO_LOVERS + SHIFTER_WEREWOLF,2.45,4.77,6,736,0.9917,0.4048
HISTORICAL_ROMANCE + YOUNG_ADULT,1.97,4.72,10,1528,1.6529,0.8403
TIME_TRAVEL + WITCHES_MAGIC,2.26,4.7,7,930,1.157,0.5114
FANTASY_ROMANCE + HORROR,1.81,4.63,12,1998,1.9835,1.0988
FAIRY_TALE_RETELLING + HISTORICAL_ROMANCE,2.49,4.47,5,603,0.8264,0.3316
HOLIDAY + PARANORMAL_ROMANCE,2.14,4.46,7,981,1.157,0.5395
HORROR + YOUNG_ADULT,2.47,4.43,5,608,0.8264,0.3344
ROM_COM + WORKPLACE,2.27,4.42,6,794,0.9917,0.4367
FORBIDDEN_TABOO + PARANORMAL_ROMANCE,3.19,4.42,3,283,0.4959,0.1556
ENEMIES_TO_LOVERS + FRIENDS_TO_LOVERS,1.87,4.31,9,1445,1.4876,0.7947
MYSTERY_THRILLER_SUSPENSE + SLOW_BURN,2.67,4.29,4,451,0.6612,0.248
ROM_COM + SLOW_BURN,2.64,4.24,4,456,0.6612,0.2508
FORBIDDEN_TABOO + SECOND_CHANCE,3.05,4.22,3,296,0.4959,0.1628
FOUND_FAMILY + REVERSE_HAREM_POLY,2.6,4.19,4,462,0.6612,0.2541
DEMONS_ANGELS + REP_QUEER_GENERAL,2.6,4.18,4,463,0.6612,0.2546
CLEAN_SWEET + CONTEMPORARY_ROMANCE,3.01,4.17,3,300,0.4959,0.165
DARK_ROMANCE + HORROR,2.13,4.15,6,845,0.9917,0.4647
HISTORICAL_ROMANCE + HORROR,3.0,4.15,3,301,0.4959,0.1655
CONTEMPORARY_ROMANCE + NEURODIVERGENT_DISABILITY,1.62,4.02,11,2044,1.8182,1.1241
HIGH_STEAM + SLOW_BURN,2.03,3.95,6,889,0.9917,0.4889
ENEMIES_TO_LOVERS + SCI_FI_ROMANCE,2.14,3.84,5,702,0.8264,0.3861
FANTASY_ROMANCE + FORBIDDEN_TABOO,2.72,3.78,3,331,0.4959,0.182
CONTEMPORARY_ROMANCE + INTERRACIAL_MULTICULTURAL,2.1,3.77,5,714,0.8264,0.3927
ENEMIES_TO_LOVERS + MYSTERY_THRILLER_SUSPENSE,1.51,3.76,11,2187,1.8182,1.2027
FOUND_FAMILY + MAFIA_CARTEL_CRIME,2.69,3.73,3,335,0.4959,0.1842
ROM_COM + SEASONAL_SUMMER_BEACH,2.69,3.73,3,335,0.4959,0.1842
DARK_ROMANCE + FOUND_FAMILY,1.78,3.7,7,1184,1.157,0.6511
FAIRY_TALE_RETELLING + YOUNG_ADULT,2.29,3.69,4,525,0.6612,0.2887
ACADEMIA_SCHOOL + SPORTS_GENERAL,1.59,3.65,9,1706,1.4876,0.9382
SCI_FI_ROMANCE + YOUNG_ADULT,1.57,3.6,9,1728,1.4876,0.9503
DEMONS_ANGELS + YOUNG_ADULT,1.64,3.6,8,1468,1.3223,0.8073
FOUND_FAMILY + FRIENDS_TO_LOVERS,1.16,3.54,20,5167,3.3058,2.8415
DARK_ROMANCE + MAFIA_CARTEL_CRIME,1.51,3.48,9,1789,1.4876,0.9838
FRIENDS_TO_LOVERS + NEURODIVERGENT_DISABILITY,1.79,3.48,6,1007,0.9917,0.5538
FORBIDDEN_TABOO + FRIENDS_TO_LOVERS,2.16,3.48,4,556,0.6612,0.3058
COWBOY_WESTERN + FOUND_FAMILY,2.5,3.46,3,361,0.4959,0.1985
DEMONS_ANGELS + HISTORICAL_ROMANCE,1.9,3.41,5,789,0.8264,0.4339
HISTORICAL_ROMANCE + PARANORMAL_ROMANCE,1.17,3.31,16,4111,2.6446,2.2608
DEMONS_ANGELS + FANTASY_ROMANCE,1.01,3.26,24,7121,3.9669,3.9161
HORROR + PARANORMAL_ROMANCE,1.35,3.24,10,2222,1.6529,1.222
FOUND_FAMILY + WITCHES_MAGIC,1.66,3.23,6,1085,0.9917,0.5967
REP_QUEER_GENERAL + WITCHES_MAGIC,1.61,3.13,6,1121,0.9917,0.6165
ENEMIES_TO_LOVERS + HIGH_STEAM,1.05,2.98,16,4575,2.6446,2.516
HOLIDAY + REP_QUEER_GENERAL,1.82,2.94,4,659,0.6612,0.3624
FANTASY_ROMANCE + REVERSE_HAREM_POLY,1.28,2.94,9,2116,1.4876,1.1637
FANTASY_ROMANCE + FOUND_FAMILY,1.21,2.89,10,2490,1.6529,1.3693
FRIENDS_TO_LOVERS + ROM_COM,1.12,2.89,12,3206,1.9835,1.7631
HIGH_STEAM + SMALL_TOWN,1.28,2.81,8,1879,1.3223,1.0333
CONTEMPORARY_ROMANCE + FIREFIGHTER_FIRST_RESPONDER,1.69,2.73,4,710,0.6612,0.3905
DARK_ROMANCE + SPORTS_GENERAL,1.96,2.72,3,460,0.4959,0.253
DRAGONS + VAMPIRES,1.66,2.67,4,724,0.6612,0.3982
CONTEMPORARY_ROMANCE + FAIRY_TALE_RETELLING,1.89,2.62,3,477,0.4959,0.2623
ENEMIES_TO_LOVERS + VAMPIRES,1.87,2.59,3,483,0.4959,0.2656
DARK_ROMANCE + MYSTERY_THRILLER_SUSPENSE,0.84,2.59,21,7522,3.4711,4.1366
PARANORMAL_ROMANCE + REVERSE_HAREM_POLY,1.11,2.56,9,2434,1.4876,1.3385
ACADEMIA_SCHOOL + MYSTERY_THRILLER_SUSPENSE,1.31,2.54,6,1380,0.9917,0.7589
CONTEMPORARY_ROMANCE + FOUND_FAMILY,0.65,2.48,44,20277,7.2727,11.1511
FANTASY_ROMANCE + VAMPIRES,0.77,2.44,23,9010,3.8017,4.9549
CONTEMPORARY_ROMANCE + MARRIAGE_OF_CONVENIENCE,1.16,2.41,7,1813,1.157,0.997
BILLIONAIRE + FORBIDDEN_TABOO,1.74,2.41,3,519,0.4959,0.2854
ANGSTY_GRIEF + ENEMIES_TO_LOVERS,1.5,2.41,4,802,0.6612,0.441
HISTORICAL_ROMANCE + WITCHES_MAGIC,1.09,2.39,8,2212,1.3223,1.2165
HOLIDAY + YOUNG_ADULT,1.7,2.36,3,529,0.4959,0.2909
FANTASY_ROMANCE + TIME_TRAVEL,1.13,2.35,7,1859,1.157,1.0223
DRAGONS + SHIFTER_WEREWOLF,1.19,2.32,6,1515,0.9917,0.8332
DEMONS_ANGELS + PARANORMAL_ROMANCE,0.75,2.24,19,7621,3.1405,4.1911
ROM_COM + SPORTS_GENERAL,1.23,2.21,5,1217,0.8264,0.6693
HIGH_STEAM + HOLIDAY,1.13,2.2,6,1593,0.9917,0.876
HIGH_STEAM + MONSTER_ALIEN,1.11,2.16,6,1623,0.9917,0.8925
PARANORMAL_ROMANCE + VAMPIRES,0.67,2.14,23,10284,3.8017,5.6556
FOUND_FAMILY + SCI_FI_ROMANCE,1.51,2.09,3,597,0.4959,0.3283
CONTEMPORARY_ROMANCE + FORBIDDEN_TABOO,0.94,2.08,8,2546,1.3223,1.4001
MYSTERY_THRILLER_SUSPENSE + SMALL_TOWN,0.99,2.07,7,2118,1.157,1.1648
REP_QUEER_GENERAL + SCI_FI_ROMANCE,1.16,2.07,5,1300,0.8264,0.7149
REVERSE_HAREM_POLY + VAMPIRES,1.49,2.06,3,607,0.4959,0.3338
FRIENDS_TO_LOVERS + HOLIDAY,1.44,1.99,3,627,0.4959,0.3448
FANTASY_ROMANCE + SCI_FI_ROMANCE,0.68,1.99,18,7987,2.9752,4.3923
DARK_ROMANCE + SECOND_CHANCE,1.19,1.92,4,1009,0.6612,0.5549
PARANORMAL_ROMANCE + SCI_FI_ROMANCE,0.67,1.9,16,7159,2.6446,3.937
FAE_ELVES + HIGH_STEAM,1.05,1.88,5,1430,0.8264,0.7864
FAE_ELVES + VAMPIRES,1.04,1.86,5,1447,0.8264,0.7958
BILLIONAIRE + WORKPLACE,1.08,1.74,4,1114,0.6612,0.6126
DARK_ROMANCE + HIGH_STEAM,0.57,1.68,18,9493,2.9752,5.2206
DARK_ROMANCE + VAMPIRES,1.04,1.67,4,1158,0.6612,0.6368
CONTEMPORARY_ROMANCE + TIME_TRAVEL,1.18,1.64,3,764,0.4959,0.4202
CELEBRITY + SECOND_CHANCE,1.18,1.64,3,762,0.4959,0.4191
FANTASY_ROMANCE + ROM_COM,0.7,1.61,9,3871,1.4876,2.1288
CONTEMPORARY_ROMANCE + ROYALTY,1.0,1.61,4,1199,0.6612,0.6594
FRIENDS_TO_LOVERS + REVERSE_HAREM_POLY,1.16,1.6,3,780,0.4959,0.429
HORROR + WITCHES_MAGIC,1.11,1.54,3,812,0.4959,0.4465
FOUND_FAMILY + SECOND_CHANCE,0.73,1.52,7,2886,1.157,1.5871
MYSTERY_THRILLER_SUSPENSE + YOUNG_ADULT,0.62,1.48,10,4864,1.6529,2.6749
FANTASY_ROMANCE + MYSTERY_THRILLER_SUSPENSE,0.47,1.38,18,11554,2.9752,6.354
FOUND_FAMILY + PARANORMAL_ROMANCE,0.71,1.37,6,2557,0.9917,1.4062
FRIENDS_TO_LOVERS + MYSTERY_THRILLER_SUSPENSE,0.65,1.36,7,3219,1.157,1.7702
BILLIONAIRE + FRIENDS_TO_LOVERS,0.97,1.35,3,929,0.4959,0.5109
FANTASY_ROMANCE + SHIFTER_WEREWOLF,0.47,1.34,17,10983,2.8099,6.04
VAMPIRES + WITCHES_MAGIC,0.56,1.34,10,5381,1.6529,2.9592
ACADEMIA_SCHOOL + YOUNG_ADULT,0.55,1.33,10,5430,1.6529,2.9862
FANTASY_ROMANCE + HIGH_STEAM,0.42,1.31,21,14881,3.4711,8.1836
CONTEMPORARY_ROMANCE + WITCHES_MAGIC,0.61,1.28,7,3427,1.157,1.8846
DARK_ROMANCE + FRIENDS_TO_LOVERS,0.79,1.27,4,1529,0.6612,0.8409
FOUND_FAMILY + NEURODIVERGENT_DISABILITY,0.91,1.26,3,994,0.4959,0.5466
FANTASY_ROMANCE + REP_MM,0.57,1.25,8,4225,1.3223,2.3235
CELEBRITY + ROM_COM,0.87,1.21,3,1034,0.4959,0.5686
FOUND_FAMILY + MARRIAGE_OF_CONVENIENCE,0.86,1.2,3,1043,0.4959,0.5736
DARK_ROMANCE + YOUNG_ADULT,0.67,1.2,5,2245,0.8264,1.2346
MILITARY_WAR + MYSTERY_THRILLER_SUSPENSE,0.86,1.19,3,1051,0.4959,0.578
PARANORMAL_ROMANCE + ROM_COM,0.57,1.18,7,3721,1.157,2.0463
MYSTERY_THRILLER_SUSPENSE + WITCHES_MAGIC,0.51,1.17,9,5327,1.4876,2.9295
HIGH_STEAM + PARANORMAL_ROMANCE,0.38,1.14,20,15997,3.3058,8.7973
PARANORMAL_ROMANCE + SHIFTER_WEREWOLF,0.39,1.14,17,12961,2.8099,7.1277
DRAGONS + HIGH_STEAM,0.81,1.12,3,1113,0.4959,0.6121
BILLIONAIRE + CONTEMPORARY_ROMANCE,0.43,1.11,12,8329,1.9835,4.5804
CONTEMPORARY_ROMANCE + REP_QUEER_GENERAL,0.46,1.11,10,6517,1.6529,3.5839
FOUND_FAMILY + ROM_COM,0.46,1.1,10,6541,1.6529,3.5971
ANGSTY_GRIEF + SECOND_CHANCE,0.6,1.07,5,2522,0.8264,1.3869
SHIFTER_WEREWOLF + WITCHES_MAGIC,0.46,1.06,9,5860,1.4876,3.2226
HIGH_STEAM + SPORTS_GENERAL,0.53,1.04,6,3380,0.9917,1.8588
HIGH_STEAM + WORKPLACE,0.64,1.03,4,1870,0.6612,1.0284
REP_MM + REVERSE_HAREM_POLY,0.74,1.02,3,1221,0.4959,0.6715
ANGSTY_GRIEF + FRIENDS_TO_LOVERS,0.52,1.01,6,3484,0.9917,1.916
DARK_ROMANCE + HISTORICAL_ROMANCE,0.7,0.98,3,1279,0.4959,0.7034
FRIENDS_TO_LOVERS + REP_QUEER_GENERAL,0.49,0.96,6,3656,0.9917,2.0106
FOUND_FAMILY + HIGH_STEAM,0.39,0.96,11,8554,1.8182,4.7042
HIGH_STEAM + MARRIAGE_OF_CONVENIENCE,0.69,0.95,3,1315,0.4959,0.7232
BILLIONAIRE + FOUND_FAMILY,0.69,0.95,3,1311,0.4959,0.721
HIGH_STEAM + REVERSE_HAREM_POLY,0.41,0.94,9,6594,1.4876,3.6263
FOUND_FAMILY + MYSTERY_THRILLER_SUSPENSE,0.41,0.93,9,6668,1.4876,3.667
HIGH_STEAM + MAFIA_CARTEL_CRIME,0.58,0.93,4,2072,0.6612,1.1395
MYSTERY_THRILLER_SUSPENSE + PARANORMAL_ROMANCE,0.34,0.92,14,12332,2.314,6.7818
REVERSE_HAREM_POLY + SHIFTER_WEREWOLF,0.66,0.91,3,1376,0.4959,0.7567
NEW_ADULT + SPORTS_GENERAL,0.46,0.89,6,3950,0.9917,2.1723
FRIENDS_TO_LOVERS + HIGH_STEAM,0.34,0.86,11,9607,1.8182,5.2832
ENEMIES_TO_LOVERS + REP_QUEER_GENERAL,0.61,0.85,3,1468,0.4959,0.8073
HIGH_STEAM + WITCHES_MAGIC,0.38,0.84,8,6257,1.3223,3.441
SPORTS_GENERAL + YOUNG_ADULT,0.52,0.84,4,2297,0.6612,1.2632
CONTEMPORARY_ROMANCE + HIGH_STEAM,0.24,0.84,32,40223,5.2893,22.1201
MAFIA_CARTEL_CRIME + MYSTERY_THRILLER_SUSPENSE,0.52,0.83,4,2333,0.6612,1.283
CONTEMPORARY_ROMANCE + MAFIA_CARTEL_CRIME,0.51,0.82,4,2350,0.6612,1.2924
FRIENDS_TO_LOVERS + YOUNG_ADULT,0.41,0.81,6,4355,0.9917,2.395
FOUND_FAMILY + REP_MM,0.45,0.81,5,3327,0.8264,1.8296
REP_MM + REP_QUEER_GENERAL,0.34,0.81,10,8920,1.6529,4.9054
SECOND_CHANCE + YOUNG_ADULT,0.57,0.8,3,1569,0.4959,0.8629
HISTORICAL_ROMANCE + INSPIRATIONAL_CHRISTIAN,0.57,0.79,3,1582,0.4959,0.87
FAE_ELVES + SHIFTER_WEREWOLF,0.57,0.78,3,1594,0.4959,0.8766
CONTEMPORARY_ROMANCE + FANTASY_ROMANCE,0.32,0.74,9,8466,1.4876,4.6558
CELEBRITY + CONTEMPORARY_ROMANCE,0.37,0.72,6,4869,0.9917,2.6776
CONTEMPORARY_ROMANCE + YOUNG_ADULT,0.26,0.71,14,15955,2.314,8.7742
CONTEMPORARY_ROMANCE + DARK_ROMANCE,0.31,0.71,9,8808,1.4876,4.8438
SHIFTER_WEREWOLF + VAMPIRES,0.36,0.7,6,5011,0.9917,2.7557
PARANORMAL_ROMANCE + TIME_TRAVEL,0.51,0.7,3,1775,0.4959,0.9761
DEMONS_ANGELS + WITCHES_MAGIC,0.35,0.69,6,5085,0.9917,2.7964
ENEMIES_TO_LOVERS + NEW_ADULT,0.43,0.69,4,2800,0.6612,1.5398
HORROR + MYSTERY_THRILLER_SUSPENSE,0.49,0.68,3,1832,0.4959,1.0075
HIGH_STEAM + ROM_COM,0.31,0.67,8,7838,1.3223,4.3104
ACADEMIA_SCHOOL + FOUND_FAMILY,0.48,0.66,3,1881,0.4959,1.0344
ACADEMIA_SCHOOL + FRIENDS_TO_LOVERS,0.41,0.66,4,2940,0.6612,1.6168
CONTEMPORARY_ROMANCE + MYSTERY_THRILLER_SUSPENSE,0.22,0.65,19,26480,3.1405,14.5623
REP_QUEER_GENERAL + ROM_COM,0.46,0.64,3,1956,0.4959,1.0757
ROM_COM + WITCHES_MAGIC,0.46,0.63,3,1981,0.4959,1.0894
PARANORMAL_ROMANCE + REP_MM,0.34,0.62,5,4365,0.8264,2.4005
ACADEMIA_SCHOOL + CONTEMPORARY_ROMANCE,0.28,0.57,7,7647,1.157,4.2054
FOUND_FAMILY + REP_QUEER_GENERAL,0.35,0.56,4,3457,0.6612,1.9011
HIGH_STEAM + SECOND_CHANCE,0.31,0.55,5,4888,0.8264,2.6881
SCI_FI_ROMANCE + WITCHES_MAGIC,0.4,0.55,3,2253,0.4959,1.239
HISTORICAL_ROMANCE + ROM_COM,0.38,0.53,3,2375,0.4959,1.3061
HISTORICAL_ROMANCE + MYSTERY_THRILLER_SUSPENSE,0.27,0.49,5,5540,0.8264,3.0467
FOUND_FAMILY + YOUNG_ADULT,0.25,0.49,6,7091,0.9917,3.8996
FANTASY_ROMANCE + NEW_ADULT,0.3,0.48,4,4029,0.6612,2.2157
CONTEMPORARY_ROMANCE + MUSICIANS,0.26,0.42,4,4611,0.6612,2.5358
FORBIDDEN_TABOO + HIGH_STEAM,0.3,0.42,3,2970,0.4959,1.6333
BILLIONAIRE + HIGH_STEAM,0.22,0.4,5,6733,0.8264,3.7027
ANGSTY_GRIEF + CONTEMPORARY_ROMANCE,0.19,0.39,7,11240,1.157,6.1813
CONTEMPORARY_ROMANCE + PARANORMAL_ROMANCE,0.2,0.39,6,9057,0.9917,4.9808
FOUND_FAMILY + HISTORICAL_ROMANCE,0.27,0.38,3,3293,0.4959,1.8109
ACADEMIA_SCHOOL + NEW_ADULT,0.2,0.36,5,7534,0.8264,4.1432
MYSTERY_THRILLER_SUSPENSE + REP_QUEER_GENERAL,0.26,0.36,3,3509,0.4959,1.9297
ANGSTY_GRIEF + DARK_ROMANCE,0.25,0.35,3,3567,0.4959,1.9616
CONTEMPORARY_ROMANCE + INSPIRATIONAL_CHRISTIAN,0.25,0.35,3,3574,0.4959,1.9655
HIGH_STEAM + MYSTERY_THRILLER_SUSPENSE,0.15,0.35,9,17854,1.4876,9.8186
CONTEMPORARY_ROMANCE + NEW_ADULT,0.13,0.33,13,30988,2.1488,17.0414
NEW_ADULT + PARANORMAL_ROMANCE,0.22,0.31,3,4026,0.4959,2.214
ACTION_ADVENTURE + FANTASY_ROMANCE,0.17,0.3,5,8970,0.8264,4.9329
FRIENDS_TO_LOVERS + NEW_ADULT,0.15,0.24,4,8217,0.6612,4.5188
HIGH_STEAM + REP_QUEER_GENERAL,0.15,0.24,4,8143,0.6612,4.4781
NEW_ADULT + ROM_COM,0.16,0.23,3,5523,0.4959,3.0373
CONTEMPORARY_ROMANCE + DARK_TRAUMA,0.13,0.23,5,11499,0.8264,6.3237
HIGH_STEAM + VAMPIRES,0.15,0.21,3,5866,0.4959,3.2259
HIGH_STEAM + REP_MM,0.13,0.2,4,9456,0.6612,5.2002
FOUND_FAMILY + NEW_ADULT,0.12,0.17,3,7348,0.4959,4.0409
ACTION_ADVENTURE + PARANORMAL_ROMANCE,0.11,0.15,3,8581,0.4959,4.719
DARK_TRAUMA + HIGH_STEAM,0.09,0.12,3,10515,0.4959,5.7826
HIGH_STEAM + NEW_ADULT,0.06,0.1,4,19403,0.6612,10.6704
NEW_ADULT + YOUNG_ADULT,0.07,0.09,3,13341,0.4959,7.3367
